Step,Time (s),AL (mol/cm3s),Err,O2 (mol/cm3s),Err,ALO (mol/cm3s),Err,O (mol/cm3s),Err,ALO2 (mol/cm3s),Err,AL2O2 (mol/cm3s),Err,AL2O3(S) (mol/cm3s),Err,AL2O (mol/cm3s),Err,AL(L) (mol/cm3s),Err,AL2O3(L) (mol/cm3s),Err
0,0,0,0,0,0,0,0,0,0,0,0,0,0,0,0,0,0,0,0,0,0
1,1e-06,0,0,0,0,0,0,0,0,0,0,0,0,0,0,0,0,0,0,0,0
2,2e-06,0,0,0,0,0,0,0,0,0,0,0,0,0,0,0,0,0,0,0,0
3,3e-06,0,0,0,0,0,0,0,0,0,0,0,0,0,0,0,0,0,0,0,0
4,4e-06,0,0,0,0,0,0,0,0,0,0,0,0,0,0,0,0,0,0,0,0
5,5e-06,0,0,0,0,0,0,0,0,0,0,0,0,0,0,0,0,0,0,0,0
6,6e-06,0,0,0,0,0,0,0,0,0,0,0,0,0,0,0,0,0,0,0,0
7,7e-06,0,0,0,0,0,0,0,0,0,0,0,0,0,0,0,0,0,0,0,0
8,8e-06,0,0,0,0,0,0,0,0,0,0,0,0,0,0,0,0,0,0,0,0
9,9e-06,0,0,0,0,0,0,0,0,0,0,0,0,0,0,0,0,0,0,0,0
10,1e-05,0,0,0,0,0,0,0,0,0,0,0,0,0,0,0,0,0,0,0,0
11,1.1e-05,0,0,0,0,0,0,0,0,0,0,0,0,0,0,0,0,0,0,0,0
12,1.2e-05,0,0,0,0,0,0,0,0,0,0,0,0,0,0,0,0,0,0,0,0
13,1.3e-05,0,0,0,0,0,0,0,0,0,0,0,0,0,0,0,0,0,0,0,0
14,1.4e-05,0,0,0,0,0,0,0,0,0,0,0,0,0,0,0,0,0,0,0,0
15,1.5e-05,0,0,0,0,0,0,0,0,0,0,0,0,0,0,0,0,0,0,0,0
16,1.6e-05,0,0,0,0,0,0,0,0,0,0,0,0,0,0,0,0,0,0,0,0
17,1.7e-05,0,0,0,0,0,0,0,0,0,0,0,0,0,0,0,0,0,0,0,0
18,1.8e-05,0,0,0,0,0,0,0,0,0,0,0,0,0,0,0,0,0,0,0,0
19,1.9e-05,0,0,0,0,0,0,0,0,0,0,0,0,0,0,0,0,0,0,0,0
20,2e-05,0,0,0,0,0,0,0,0,0,0,0,0,0,0,0,0,0,0,0,0
21,2.1e-05,0,0,0,0,0,0,0,0,0,0,0,0,0,0,0,0,0,0,0,0
22,2.2e-05,0,0,0,0,0,0,0,0,0,0,0,0,0,0,0,0,0,0,0,0
23,2.3e-05,0,0,0,0,0,0,0,0,0,0,0,0,0,0,0,0,0,0,0,0
24,2.4e-05,0,0,0,0,0,0,0,0,0,0,0,0,0,0,0,0,0,0,0,0
25,2.5e-05,0,0,0,0,0,0,0,0,0,0,0,0,0,0,0,0,0,0,0,0
26,2.6e-05,0,0,0,0,0,0,0,0,0,0,0,0,0,0,0,0,0,0,0,0
27,2.7e-05,0,0,0,0,0,0,0,0,0,0,0,0,0,0,0,0,0,0,0,0
28,2.8e-05,0,0,0,0,0,0,0,0,0,0,0,0,0,0,0,0,0,0,0,0
29,2.9e-05,0,0,0,0,0,0,0,0,0,0,0,0,0,0,0,0,0,0,0,0
30,3e-05,0,0,0,0,0,0,0,0,0,0,0,0,0,0,0,0,0,0,0,0
31,3.1e-05,0,0,0,0,0,0,0,0,0,0,0,0,0,0,0,0,0,0,0,0
32,3.2e-05,0,0,0,0,0,0,0,0,0,0,0,0,0,0,0,0,0,0,0,0
33,3.3e-05,0,0,0,0,0,0,0,0,0,0,0,0,0,0,0,0,0,0,0,0
34,3.4e-05,0,0,0,0,0,0,0,0,0,0,0,0,0,0,0,0,0,0,0,0
35,3.5e-05,0,0,0,0,0,0,0,0,0,0,0,0,0,0,0,0,0,0,0,0
36,3.6e-05,0,0,0,0,0,0,0,0,0,0,0,0,0,0,0,0,0,0,0,0
37,3.7e-05,0,0,0,0,0,0,0,0,0,0,0,0,0,0,0,0,0,0,0,0
38,3.8e-05,0,0,0,0,0,0,0,0,0,0,0,0,0,0,0,0,0,0,0,0
39,3.9e-05,0,0,0,0,0,0,0,0,0,0,0,0,0,0,0,0,0,0,0,0
40,4e-05,0,0,0,0,0,0,0,0,0,0,0,0,0,0,0,0,0,0,0,0
41,4.1e-05,0,0,0,0,0,0,0,0,0,0,0,0,0,0,0,0,0,0,0,0
42,4.2e-05,0,0,0,0,0,0,0,0,0,0,0,0,0,0,0,0,0,0,0,0
43,4.3e-05,0,0,0,0,0,0,0,0,0,0,0,0,0,0,0,0,0,0,0,0
44,4.4e-05,0,0,0,0,0,0,0,0,0,0,0,0,0,0,0,0,0,0,0,0
45,4.5e-05,0,0,0,0,0,0,0,0,0,0,0,0,0,0,0,0,0,0,0,0
46,4.6e-05,0,0,0,0,0,0,0,0,0,0,0,0,0,0,0,0,0,0,0,0
47,4.7e-05,-25274.3972990318,0,-564013.783143163,0,-1100628.96233754,0,485788.985150325,0,-4389.5565592729,0,-200.919580829926,0,0,0,-28003.1813587435,0,0,0,593350.559037498,0
48,4.8e-05,-20793.2297597121,0,-304390.751804858,0,-567644.693653584,0,277121.702058848,0,947.386160279333,0,-611.903968878105,0,0,0,-7781.00651774555,0,0,0,302138.179113132,0
49,4.9e-05,-19389.0421201498,0,-245536.226652801,0,-446476.416529372,0,230672.778942034,0,752.102122301425,0,2869.55659473615,0,0,0,-5285.70422612131,0,0,0,234972.825894995,0
50,5e-05,-15218.2069518524,0,-144582.601347208,0,-213369.479280346,0,162832.285038767,0,-24713.4992084248,0,-4952.40877582041,0,0,0,-2112.60420804471,0,0,0,133715.605704177,0
51,5.1e-05,-15386.5845810585,0,-138850.167930514,0,-232238.400061889,0,135022.453097626,0,-221.350820029256,0,-1.27537897630464,0,0,0,-1794.10294595361,0,0,0,125718.546056418,0
52,5.19999999999999e-05,-16264.1934681477,0,-142837.615781397,0,-292270.57519821,0,117869.106498784,0,22110.6413122111,0,18492.3866134887,0,0,0,-2355.80661003292,0,0,0,127075.483673617,0
53,5.29999999999999e-05,-11250.7948437506,0,-90320.1458784044,0,-56575.8574774409,0,145563.590932459,0,-57768.7703517992,0,-16631.1173146194,0,0,0,-1082.92384064198,0,0,0,80511.7524917567,0
54,5.39999999999999e-05,-11106.2194884252,0,-68387.2941724658,0,-137260.971385695,0,48701.8300812665,0,19122.1662866115,0,7863.63592875296,0,0,0,-542.748061813414,0,0,0,57301.624426815,0
55,5.49999999999999e-05,-8850.79002099979,0,-52205.6821066737,0,-69455.6463109832,0,58513.1882096339,0,-7002.92359676518,0,-591.824002034141,0,0,0,-401.902806535363,0,0,0,43648.4067729436,0
56,5.59999999999999e-05,-7923.20345059835,0,-42658.0378988981,0,-66527.2412247318,0,39035.5125746894,0,3358.14639481518,0,930.651301982353,0,0,0,-191.85776970908,0,0,0,34807.3556079842,0
57,5.69999999999999e-05,-6930.99942748185,0,-35475.2004874051,0,-55802.9489394517,0,32400.0344725635,0,2794.32019898943,0,1512.04993655583,0,0,0,-183.641364179552,0,0,0,28641.4055115958,0
58,5.79999999999999e-05,-6114.6171710404,0,-30172.1787092984,0,-43079.9966179725,0,29326.948413821,0,643.136960619839,0,256.853096061076,0,0,0,-120.38477749005,0,0,0,24139.2700956255,0
59,5.89999999999999e-05,-5474.6739709394,0,-26115.3941837549,0,-35763.8822739937,0,25947.8273296845,0,-5.21810820046812,0,-7.95367482461563,0,0,0,-91.832161847502,0,0,0,20721.6730132389,0
60,5.99999999999999e-05,-4930.58508312128,0,-22927.1527674496,0,-29971.213755747,0,23574.1876130269,0,-784.669061138793,0,-130.570842516077,0,0,0,-80.1985536850989,0,0,0,18054.0033462047,0
61,6.09999999999999e-05,-4462.24280250399,0,-20304.2806693017,0,-24736.2820650028,0,21888.5763846703,0,-1732.7715958823,0,-379.03701834504,0,0,0,-72.9142486359924,0,0,0,15917.5994986756,0
62,6.19999999999999e-05,-4098.01631763322,0,-18208.4686671495,0,-22059.9517142347,0,19498.4787713968,0,-1415.26661240265,0,-334.248617349113,0,0,0,-57.4214590936899,0,0,0,14178.2873985781,0
63,6.29999999999999e-05,-3811.62973148667,0,-16498.384732008,0,-21674.3393830786,0,16346.3200069112,0,60.4763762866787,0,18.6823987548242,0,0,0,-42.1396894734353,0,0,0,12736.2036598579,0
64,6.39999999999999e-05,-3495.10150594186,0,-14963.5348515213,0,-17898.3370882676,0,15958.310506522,0,-1095.58548745,0,-234.753469919317,0,0,0,-44.9888336397707,0,0,0,11524.2543443888,0
65,6.49999999999999e-05,-3276.96805929724,0,-13729.8406596482,0,-17612.9847527519,0,13693.5421708303,0,-36.6080219704072,0,0.374960113132943,0,0,0,-31.4368271213025,0,0,0,10494.3422840179,0
66,6.59999999999999e-05,-3044.17698205582,0,-12614.8880242556,0,-15013.3470347527,0,13210.3049944764,0,-664.053699422448,0,-222.293973325891,0,0,0,-28.1324699800462,0,0,0,9611.21530142143,0
67,6.69999999999999e-05,-2852.18181275554,0,-11657.8704826236,0,-14056.2848863361,0,12053.4577786895,0,-460.22895782243,0,-134.932858604226,0,0,0,-25.5248222816736,0,0,0,8844.80550934292,0
68,6.79999999999999e-05,-2678.41365433711,0,-10817.1280466318,0,-12908.1821873538,0,11205.9178473081,0,-447.380588121763,0,-136.022174562195,0,0,0,-22.1473951358348,0,0,0,8175.15778460439,0
69,6.89999999999999e-05,-2526.36159876031,0,-10076.5286595672,0,-12395.1034967833,0,10180.0270885761,0,-158.64907473447,0,-25.4656188138417,0,0,0,-19.8975012898445,0,0,0,7585.42020524271,0
70,6.99999999999999e-05,-2388.69067530869,0,-9420.88508753479,0,-11559.7703212269,0,9440.5856986256,0,-65.7040921607559,0,-40.7558283188276,0,0,0,-15.1797603145242,0,0,0,7063.01813298151,0
71,7.09999999999999e-05,-2257.22779177317,0,-8824.41505034268,0,-10757.7195638872,0,8875.48739555122,0,-96.9068823109847,0,-27.0877304708619,0,0,0,-15.003473107703,0,0,0,6598.01832256425,0
72,7.19999999999999e-05,-2135.13473703986,0,-8286.59629008174,0,-9858.45217220875,0,8471.28766747653,0,-229.564300674127,0,-55.252744685958,0,0,0,-14.7530633369461,0,0,0,6181.58141298427,0
73,7.29999999999999e-05,-2032.99251517824,0,-7811.96981438994,0,-9539.95368122591,0,7783.36857326793,0,-11.3922588795976,0,-2.81111056281605,0,0,0,-11.9952305043116,0,0,0,5806.975568709,0
74,7.39999999999999e-05,-1904.14048624386,0,-7335.18591657281,0,-7619.93897930445,0,8315.47779673566,0,-1036.59937623775,0,-169.491398790683,0,0,0,-18.7610533600673,0,0,0,5468.59187304378,0
75,7.49999999999999e-05,-1838.9428356861,0,-6973.79538032413,0,-8227.95995144839,0,7097.71457389226,0,-161.209103506499,0,-35.9791612999663,0,0,0,-11.0536739779636,0,0,0,5161.08878059842,0
76,7.59999999999999e-05,-1763.59872407017,0,-6621.36939002573,0,-8166.37686122211,0,6451.4619135463,0,139.324633140865,0,21.6903665390919,0,0,0,-7.35919987875968,0,0,0,4880.99430941537,0
77,7.69999999999999e-05,-1679.06566648458,0,-6280.40210606158,0,-7443.87046733703,0,6323.91913917443,0,-76.2032442773934,0,-16.775672912052,0,0,0,-8.83864438999444,0,0,0,4625.18400635155,0
78,7.79999999999999e-05,-1603.26798497627,0,-5969.54110535979,0,-6932.79714235577,0,6111.91440660788,0,-175.972572226352,0,-25.6875194737252,0,0,0,-9.08301105443388,0,0,0,4390.78938030735,0
79,7.89999999999999e-05,-1648.612282,0,-5828.06813777983,0,-11206.6351390065,0,2529.8391830267,0,3331.90083758268,0,556.929677807949,0,0,0,29.4798204768449,0,0,0,4175.26379342713,0
80,7.99999999999999e-05,-1541.33834463625,0,-5512.58028288186,0,-8971.99796649426,0,3606.67902510207,0,1915.79977641002,0,306.959466536072,0,0,0,15.2326906044036,0,0,0,3976.57611021977,0
81,8.09999999999999e-05,-1415.83962784959,0,-5186.99023926258,0,-5978.077782262,0,5296.94538598502,0,-138.920937186645,0,-19.2702322279723,0,0,0,-7.21349800005555,0,0,0,3792.90290387715,0
82,8.19999999999999e-05,-1264.52030730427,0,-4845.07569397986,0,-1515.70213177001,0,8028.13870464919,0,-3263.85321923098,0,-561.870974587329,0,0,0,-38.7183957486413,0,0,0,3622.6271994886,0
83,8.29999999999999e-05,-1118.04365717362,0,-4518.61325111985,0,2690.99504007929,0,10654.2371948422,0,-6270.04821062046,0,-1045.35552404101,0,0,0,-70.5449614729732,0,0,0,3464.44889937138,0
84,8.39999999999999e-05,-1262.29643174329,0,-4560.70443560183,0,-5189.3933049042,0,4660.42712716539,0,-124.498931171323,0,-23.2614287525692,0,0,0,-5.91424040216953,0,0,0,3317.27000306414,0
85,8.49999999999999e-05,-1212.62371745967,0,-4373.51837454736,0,-4766.4654124689,0,4616.5750353668,0,-269.13714725903,0,-49.0236787643159,0,0,0,-6.91916308458894,0,0,0,3180.0559804427,0
86,8.59999999999999e-05,-1224.35904327467,0,-4270.86862692237,0,-6763.52858010674,0,2843.30758513355,0,1434.34553711435,0,212.832267378432,0,0,0,12.1068437164649,0,0,0,3051.83193203863,0
87,8.69999999999999e-05,-1173.51489048483,0,-4097.83072349429,0,-6154.71823880773,0,2982.14238417834,0,1116.87508115748,0,165.166116137706,0,0,0,8.69190838094801,0,0,0,2931.82099954888,0
88,8.79999999999998e-05,-1175.76007230452,0,-3997.82829119265,0,-7600.51836141665,0,1641.33919605182,0,2382.03469280001,0,355.037305915733,0,0,0,22.7809716579504,0,0,0,2819.30359288689,0
89,8.89999999999998e-05,-1131.18460483752,0,-3846.04966181517,0,-7070.63633237506,0,1754.20980993831,0,2113.1830285657,0,310.568008013827,0,0,0,20.1145330104046,0,0,0,2713.63641329921,0
90,8.99999999999998e-05,-1091.96501114616,0,-3706.69149538875,0,-6694.81144409079,0,1771.99625668614,0,1953.77118013392,0,283.659406369179,0,0,0,18.5963441855274,0,0,0,2614.2468869968,0
91,9.09999999999998e-05,-983.60606355922,0,-3486.87595571578,0,-3457.03287686182,0,3900.98685789983,0,-438.738811041339,0,-73.6512366962323,0,0,0,-7.27884429320693,0,0,0,2520.61895672063,0
92,9.19999999999998e-05,-960.99655995716,0,-3377.99370028079,0,-3672.07326154854,0,3524.45658737608,0,-166.264749594861,0,-28.1236416305066,0,0,0,-4.50403782119974,0,0,0,2432.29496500199,0
93,9.29999999999998e-05,-933.28086866165,0,-3267.54822397977,0,-3602.9606379977,0,3364.08449129388,0,-115.012749460451,0,-19.3771163215274,0,0,0,-3.86979654151946,0,0,0,2348.87404092295,0
94,9.39999999999998e-05,-908.442123355858,0,-3164.94021143764,0,-3611.73871910656,0,3159.46756494986,0,-10.8268240852808,0,-1.72980966171731,0,0,0,-2.78195785963908,0,0,0,2270.01560079521,0
95,9.49999999999998e-05,-881.543856354722,0,-3063.45929580927,0,-3482.44136944704,0,3064.79070375733,0,-17.4483712403448,0,-1.88594128102429,0,0,0,-2.7148314723745,0,0,0,2195.31757127445,0
96,9.59999999999998e-05,-856.801016373748,0,-2968.54016714543,0,-3377.2127321845,0,2960.9703033632,0,-7.72347291373444,0,-1.18086792506366,0,0,0,-2.49150440329686,0,0,0,2124.54098306435,0
97,9.69999999999998e-05,-832.884471586614,0,-2877.65190943331,0,-3272.04939458435,0,2866.55019696632,0,-3.80205328928696,0,-0.634155779273584,0,0,0,-2.33454404678196,0,0,0,2057.33665955618,0
98,9.79999999999998e-05,-827.933496751402,0,-2813.88914398104,0,-3857.41184267101,0,2263.18333199904,0,547.36032360297,0,71.2884221436415,0,0,0,4.2014750787057,0,0,0,1993.50261068737,0
99,9.89999999999998e-05,-788.621310717781,0,-2709.6420455128,0,-3108.46854615327,0,2669.52318717332,0,26.5289280259817,0,4.29926180667746,0,0,0,-1.81473124632612,0,0,0,1932.79593386218,0
100,9.99999999999998e-05,-762.85245003709,0,-2625.37070079893,0,-2798.53340832963,0,2748.6423568606,0,-139.082318032611,0,-21.4681444160168,0,0,0,-3.31334005855024,0,0,0,1875.01557267423,0
101,0.000101,-746.597787240872,0,-2555.23486559093,0,-2880.41019736155,0,2548.89514489372,0,-6.96475194540244,0,-1.02767529217517,0,0,0,-1.96375371329486,0,0,0,1819.97779727938,0
102,0.000102,-726.906653998627,0,-2483.16582912207,0,-2773.43784504832,0,2493.16245526973,0,-23.2469577053876,0,-3.67206061830804,0,0,0,-2.0208588433452,0,0,0,1767.48864783782,0
103,0.000103,-706.975300372115,0,-2413.12176191807,0,-2641.53985819083,0,2462.49512634621,0,-62.9751527132678,0,-9.29477216108922,0,0,0,-2.35416101594456,0,0,0,1717.39408881514,0
104,0.000104,-690.721202721974,0,-2349.55679088086,0,-2616.14297962653,0,2358.76868529584,0,-21.7848830252453,0,-3.37438172353451,0,0,0,-1.8548311793711,0,0,0,1669.55374558978,0
105,0.000105,-671.273796513923,0,-2284.06931906939,0,-2440.92049532995,0,2371.18453587999,0,-100.676546920859,0,-14.7883589350307,0,0,0,-2.56653717416339,0,0,0,1623.79031549156,0
106,0.000106,-676.191616733643,0,-2250.80629814416,0,-3207.676387798,0,1680.44605781584,0,569.906533430292,0,71.9894861954974,0,0,0,4.96143052331172,0,0,0,1580.02981883186,0
107,0.000107,-640.507819566034,0,-2168.4053619653,0,-2366.31118354772,0,2207.1724357641,0,-50.9708183270179,0,-7.27460268329882,0,0,0,-1.96588676190004,0,0,0,1538.13540016559,0
108,0.000108,-626.837975765633,0,-2115.08262480795,0,-2353.94676273833,0,2113.244866051,0,-9.38857363593388,0,-1.41706527183666,0,0,0,-1.4836300467141,0,0,0,1497.9873513885,0
109,0.000109,-610.425026738013,0,-2060.00237556547,0,-2223.16827080375,0,2111.74890375863,0,-63.6413734859439,0,-8.88531336447728,0,0,0,-1.98477262095548,0,0,0,1459.48742149928,0
110,0.00011,-616.929476846358,0,-2034.95845653862,0,-2955.29171722844,0,1460.95862648392,0,574.688635107748,0,70.9714433520552,0,0,0,5.22733074612916,0,0,0,1422.56750538534,0
111,0.000111,-580.754262237817,0,-1957.80407757312,0,-2015.21044443826,0,2081.11316385085,0,-135.980811685319,0,-18.4798625701716,0,0,0,-2.63445949601009,0,0,0,1387.08708124688,0
112,0.000112,-571.666227336598,0,-1915.70010133833,0,-2120.99719987659,0,1913.92169466724,0,-8.44013563913927,0,-1.15115971791038,0,0,0,-1.27473758393899,0,0,0,1352.97767872801,0
113,0.000113,-555.3049056578,0,-1865.86352998763,0,-1915.32176124829,0,1983.79342353142,0,-130.057725622116,0,-17.3635073215801,0,0,0,-2.49037641123869,0,0,0,1320.19607999692,0
114,0.000114,-547.155513561059,0,-1827.26666795462,0,-2027.42380947257,0,1818.10648751495,0,-0.514432671309805,0,-0.00572313252965984,0,0,0,-1.11658325977623,0,0,0,1288.66918424478,0
115,0.000115,-534.225616035365,0,-1783.96912964433,0,-1929.69562552261,0,1813.24253157387,0,-39.3896556308514,0,-5.27216807116038,0,0,0,-1.46607532235794,0,0,0,1258.39369198793,0
116,0.000116,-542.840599690888,0,-1768.62070786208,0,-2644.38657649679,0,1191.40309640224,0,579.323340994191,0,69.2212630040335,0,0,0,5.52813797793351,0,0,0,1229.20251661478,0
117,0.000117,-510.554239912565,0,-1702.93004846573,0,-1777.18315699481,0,1780.06029235347,0,-87.7093395640466,0,-11.4376140560623,0,0,0,-1.89696096885018,0,0,0,1201.05794326062,0
118,0.000118,-502.637175408103,0,-1668.67205494642,0,-1841.60421870905,0,1661.19275392037,0,-1.37089199261368,0,-0.133269724488773,0,0,0,-0.97282988880761,0,0,0,1173.91224266818,0
119,0.000119,-492.245728805751,0,-1632.2165723294,0,-1799.17420655087,0,1625.4056860317,0,-1.91518112997005,0,-0.134836866758075,0,0,0,-0.947257920634001,0,0,0,1147.74965303069,0
120,0.00012,-482.372647210503,0,-1597.25747960806,0,-1758.92128083869,0,1590.39644153706,0,-1.6834240878643,0,-0.11366952757948,0,0,0,-0.913474480155855,0,0,0,1122.51582007627,0
121,0.000121,-472.878348975691,0,-1563.53245837241,0,-1713.93196483327,0,1561.1415830716,0,-6.03676181216019,0,-0.821396044629896,0,0,0,-0.91840632725507,0,0,0,1098.16334018244,0
122,0.000122,-463.733980017822,0,-1531.00987865031,0,-1682.13342074628,0,1524.17792562787,0,-1.36171692384528,0,-0.1603585604419,0,0,0,-0.847325587179512,0,0,0,1074.62224299159,0
123,0.000123,-452.624589044233,0,-1496.79232218862,0,-1563.97760245464,0,1554.86050785608,0,-67.2651024650711,0,-8.41506026726625,0,0,0,-1.50797134637833,0,0,0,1051.85667859561,0
124,0.000124,-443.442010053867,0,-1465.61510676891,0,-1511.59097385537,0,1537.59816959419,0,-81.2945320474569,0,-10.048331384464,0,0,0,-1.63623828720301,0,0,0,1029.84832765001,0
125,0.000125,-435.820041496893,0,-1437.02916032821,0,-1509.62487416408,0,1483.64930650685,0,-55.3058059647148,0,-6.85504030377373,0,0,0,-1.33218875038438,0,0,0,1008.562589867,0
126,0.000126,-426.973804722633,0,-1407.55442205817,0,-1452.61106494776,0,1473.63613707605,0,-74.9915981438877,0,-9.15572129613735,0,0,0,-1.52327262912877,0,0,0,987.967227832408,0
127,0.000127,-402.287123568795,0,-1358.70890119672,0,-789.672294625149,0,1933.57269905771,0,-593.832887040027,0,-67.7707472473431,0,0,0,-7.36198347131722,0,0,0,968.028883335646,0
128,0.000128,-413.657642259879,0,-1355.78909522295,0,-1480.37876743236,0,1350.11892321575,0,-1.64084420200049,0,-0.198720384150171,0,0,0,-0.702560920501128,0,0,0,948.739908251771,0
129,0.000129,-391.012337532091,0,-1310.69230145216,0,-883.59829032303,0,1762.36869571846,0,-467.956369778088,0,-52.8469875706824,0,0,0,-5.91472652228549,0,0,0,930.045212909572,0
130,0.00013,-398.723018556929,0,-1304.26262247562,0,-1418.35012341555,0,1301.52849639467,0,-4.36225174362312,0,-0.538834633406884,0,0,0,-0.689725125906989,0,0,0,911.946256617367,0
131,0.000131,-391.677997238949,0,-1279.80167127401,0,-1394.84065115411,0,1273.79681953337,0,-0.91652743199279,0,-0.0494745949493662,0,0,0,-0.638995350105688,0,0,0,894.406057857579,0
132,0.000132,-384.789096360775,0,-1256.00146913528,0,-1367.5503116196,0,1250.27575774975,0,-1.0781761248877,0,-0.0634261808077987,0,0,0,-0.622021025745198,0,0,0,877.394239259185,0
133,0.000133,-377.038517878532,0,-1231.57255977392,0,-1297.7415857636,0,1260.73460000273,0,-36.4896605728259,0,-4.26507073874725,0,0,0,-0.980854696594179,0,0,0,860.880807542818,0
134,0.000134,-371.754784884452,0,-1210.63283909857,0,-1315.31513912495,0,1205.27143314977,0,-1.20415359679123,0,-0.135830671163619,0,0,0,-0.585372142726555,0,0,0,844.858241616986,0
135,0.000135,-357.353051410423,0,-1178.69104870409,0,-991.41726928391,0,1415.84361059015,0,-248.441722713782,0,-27.3370500330777,0,0,0,-3.34204319212586,0,0,0,829.285114929261,0
136,0.000136,-359.212007757383,0,-1167.59751781076,0,-1266.58381316769,0,1162.44510009609,0,-1.19432859464303,0,-0.128455329772738,0,0,0,-0.554363136528991,0,0,0,814.177893226161,0
137,0.000137,-353.098221426869,0,-1146.87344695628,0,-1238.75883272659,0,1145.42245110936,0,-4.85284922551512,0,-0.571333851886706,0,0,0,-0.576392530230805,0,0,0,799.502678071604,0
138,0.000138,-347.317701061594,0,-1126.94945437461,0,-1221.24077873134,0,1121.61698654313,0,-0.804961868130704,0,-0.0422215407532285,0,0,0,-0.522620320669375,0,0,0,785.246562691957,0
139,0.000139,-341.63655768562,0,-1107.49299652874,0,-1199.23751233141,0,1102.25108994018,0,-0.794692591194007,0,-0.041677435580036,0,0,0,-0.508489641593769,0,0,0,771.384548381285,0
140,0.00014,-336.151098860893,0,-1088.60787203908,0,-1176.47390490397,0,1084.43671035578,0,-1.77957083051263,0,-0.19895922488532,0,0,0,-0.50312958471477,0,0,0,757.904376107288,0
141,0.000141,-330.720937102468,0,-1070.15509942919,0,-1157.17836984328,0,1064.97965463933,0,-0.66671325384516,0,-0.0318454981629079,0,0,0,-0.480732386233285,0,0,0,744.795587984195,0
142,0.000142,-326.800163856918,0,-1053.90646186471,0,-1184.11700401136,0,1010.14065828297,0,38.8231885118435,0,4.02092370953715,0,0,0,-0.0114235545042902,0,0,0,732.037489523184,0
143,0.000143,-319.570910895645,0,-1033.7886351496,0,-1086.69164180214,0,1053.45078828249,0,-25.7845727788418,0,-2.86570669514399,0,0,0,-0.725437233224511,0,0,0,719.614706666681,0
144,0.000144,-315.347166596671,0,-1017.74716219306,0,-1098.24996560214,0,1012.70350612265,0,-0.524840517266171,0,-0.0213859841981101,0,0,0,-0.443059920915402,0,0,0,707.525432263151,0
145,0.000145,-310.482381970664,0,-1001.16555167735,0,-1076.32254018795,0,998.72149008895,0,-3.07790732921399,0,-0.353339457742821,0,0,0,-0.455192211316898,0,0,0,695.749946412976,0
146,0.000146,-307.192880399202,0,-986.869238950312,0,-1113.19884201993,0,939.438274018708,0,42.9193192666214,0,4.38629407148074,0,0,0,0.08095164434053,0,0,0,684.268955860434,0
147,0.000147,-301.052720671158,0,-969.238883681595,0,-1043.75807233345,0,964.433885463253,0,-0.512290700948029,0,-0.0211760903875184,0,0,0,-0.410366993281059,0,0,0,673.093084936447,0
148,0.000148,-295.739623063047,0,-952.910493806005,0,-996.041399173444,0,972.908857364482,0,-25.7057942457445,0,-2.79054799435399,0,0,0,-0.67217259737663,0,0,0,662.206128832848,0
149,0.000149,-292.122842588859,0,-938.937418952584,0,-1007.52465223714,0,935.986443452367,0,-2.23196949856742,0,-0.245851550722128,0,0,0,-0.405968824750744,0,0,0,651.591552537759,0
150,0.00015,-282.093531112546,0,-917.118682079017,0,-780.792764470466,0,1086.48368570235,0,-177.941936046729,0,-18.4460545248171,0,0,0,-2.37095652509015,0,0,0,641.231126864777,0
151,0.000151,-283.539884545984,0,-910.040272280574,0,-977.505874435986,0,905.483610612628,0,-0.451891726595477,0,-0.0174674084751913,0,0,0,-0.371324183186516,0,0,0,631.137616945945,0
152,0.000152,-279.41539889779,0,-896.141356348991,0,-961.978744803972,0,891.650511161972,0,-0.444598067782522,0,-0.0171533224280784,0,0,0,-0.362438249401748,0,0,0,621.298962456602,0
153,0.000153,-275.381914591729,0,-882.572465136647,0,-946.812546694722,0,878.170187950044,0,-0.46266692076972,0,-0.0187292990840593,0,0,0,-0.354100624797866,0,0,0,611.701394027492,0
154,0.000154,-270.928985816138,0,-868.674730993807,0,-911.489236196133,0,881.034509586785,0,-17.4735576494525,0,-1.85525988382303,0,0,0,-0.529187259729952,0,0,0,602.330336974414,0
155,0.000155,-267.148715543598,0,-855.82289262116,0,-899.719191276312,0,866.089266327583,0,-15.2709030032822,0,-1.61506148572959,0,0,0,-0.497119988547638,0,0,0,593.181586385873,0
156,0.000156,-263.384822463928,0,-843.183137737215,0,-885.849987314985,0,853.348576528787,0,-15.1011239712161,0,-1.59044715281793,0,0,0,-0.487793212523684,0,0,0,584.246207240406,0
157,0.000157,-258.166330108769,0,-828.887141346931,0,-815.788723923447,0,885.466298006387,0,-62.39322169411,0,-6.33055843945493,0,0,0,-1.01508998509962,0,0,0,575.519786287718,0
158,0.000158,-256.568228808298,0,-819.341717399657,0,-874.747815152181,0,816.468399850469,0,-1.67806376711428,0,-0.174950567190255,0,0,0,-0.326432738336734,0,0,0,566.998437169324,0
159,0.000159,-252.900415006693,0,-807.364425797015,0,-856.694862654991,0,808.580958400006,0,-5.78270797221217,0,-0.615080835312493,0,0,0,-0.363056253641844,0,0,0,558.667129905902,0
160,0.00016,-249.022097817169,0,-795.302927266806,0,-829.562329962073,0,808.375136562259,0,-17.8120942983586,0,-1.84294236137306,0,0,0,-0.489755526185036,0,0,0,550.530958926358,0
161,0.000161,-250.785448478151,0,-790.519341774285,0,-1004.25556319204,0,649.364290301129,0,139.598352560718,0,13.8533739724547,0,0,0,1.28868168685585,0,0,0,542.579273895428,0
162,0.000162,-242.542478998562,0,-773.252779655159,0,-812.231338023133,0,780.372691750729,0,-11.623877047391,0,-1.19776622451348,0,0,0,-0.408826174680144,0,0,0,534.805439433737,0
163,0.000163,-237.380867712906,0,-760.02889155969,0,-729.881665326029,0,825.311576459028,0,-70.912136829539,0,-7.04650018346393,0,0,0,-1.07182032964192,0,0,0,527.205655447343,0
164,0.000164,-236.477798855997,0,-752.353008344769,0,-802.206646935732,0,748.480796647956,0,-0.307121126297602,0,-0.00926360148727312,0,0,0,-0.274747625691816,0,0,0,519.779794686192,0
165,0.000165,-236.55286941306,0,-746.053740225732,0,-905.542058195111,0,647.381755041219,0,96.482657258729,0,9.46580372894473,0,0,0,0.825066353660077,0,0,0,512.515265092116,0
166,0.000166,-227.165879458874,0,-727.912435136735,0,-661.646254550626,0,821.506649554676,0,-99.6342117029176,0,-9.809661124878,0,0,0,-1.37685949087609,0,0,0,505.409693471963,0
167,0.000167,-226.909567883461,0,-721.481473051012,0,-751.278102316513,0,732.064881862578,0,-14.8802750486232,0,-1.50248948022878,0,0,0,-0.416154650039971,0,0,0,498.452616754567,0
168,0.000168,-223.900077286807,0,-711.690796516836,0,-737.310830658894,0,725.042477208636,0,-17.6517177250362,0,-1.77589424964382,0,0,0,-0.441774589125998,0,0,0,491.648981674139,0
169,0.000169,-221.594352523676,0,-702.917232263833,0,-747.63494167824,0,699.252391145994,0,-0.252766649795944,0,-0.00621238739011609,0,0,0,-0.246622347272933,0,0,0,484.993865160519,0
170,0.00017,-218.486390904954,0,-693.247494451702,0,-724.682325751308,0,700.046825456375,0,-10.8671579051148,0,-1.10038341940394,0,0,0,-0.355304873548448,0,0,0,478.473625573641,0
171,0.000171,-216.047621541489,0,-684.552004825324,0,-727.406524303203,0,680.969635118132,0,-0.23757929414711,0,-0.00544897147685752,0,0,0,-0.236510372138582,0,0,0,472.087821913035,0
172,0.000172,-213.069263777996,0,-675.28426945582,0,-705.746480801506,0,681.465838761431,0,-10.1406236646813,0,-1.02010126368959,0,0,0,-0.337887325556949,0,0,0,465.836172711338,0
173,0.000173,-210.223253811498,0,-666.307018619031,0,-689.531079224771,0,678.040444111367,0,-15.7576293929178,0,-1.55867767154014,0,0,0,-0.396654910990037,0,0,0,459.711313797124,0
174,0.000174,-207.850672871755,0,-658.028959959745,0,-687.232863404057,0,663.915861251749,0,-9.74663676662351,0,-0.973734469219235,0,0,0,-0.324600786087103,0,0,0,453.713421776524,0
175,0.000175,-205.152294869143,0,-649.455492883921,0,-673.063789981316,0,659.524948408836,0,-13.9694410632089,0,-1.37409529198111,0,0,0,-0.368162652128376,0,0,0,447.835020900943,0
176,0.000176,-202.821909887958,0,-641.443757217377,0,-669.190407718324,0,647.279611414222,0,-9.60525718753871,0,-0.95326605771818,0,0,0,-0.314598432742059,0,0,0,442.076651887371,0
177,0.000177,-200.278305992539,0,-633.271535776556,0,-657.472678910033,0,641.566489898584,0,-12.0718656830339,0,-1.1809241380155,0,0,0,-0.338895957102068,0,0,0,436.43124538792,0
178,0.000178,-197.819254796189,0,-625.306883905083,0,-646.63363015148,0,635.463274912755,0,-13.9278751469897,0,-1.35772079321023,0,0,0,-0.35550620383583,0,0,0,430.903607044376,0
179,0.000179,-195.701225312113,0,-617.860587563366,0,-645.958813131236,0,621.569819275243,0,-7.30868107599372,0,-0.71943677089878,0,0,0,-0.27750754239969,0,0,0,425.48130407297,0
180,0.00018,-193.374671260993,0,-610.250239733607,0,-637.661096895606,0,614.006834777753,0,-7.31751140366129,0,-0.710424586515753,0,0,0,-0.274710232741199,0,0,0,420.161774599387,0
181,0.000181,-191.139879298543,0,-602.845006663352,0,-630.704555599441,0,605.65160097716,0,-6.30820518416368,0,-0.610587044020136,0,0,0,-0.259915575035848,0,0,0,414.94682266013,0
182,0.000182,-189.006841063317,0,-595.656541839242,0,-625.451202225296,0,596.218690269172,0,-3.97858846018755,0,-0.387604065992107,0,0,0,-0.230110432894435,0,0,0,409.836030373287,0
183,0.000183,-186.743852599502,0,-588.394182391465,0,-615.481921328072,0,590.779033336114,0,-5.79955245769094,0,-0.55794319277455,0,0,0,-0.247212459798902,0,0,0,404.817818845206,0
184,0.000184,-184.392208507729,0,-581.105149272829,0,-600.599979925947,0,589.507754057691,0,-11.8991982527323,0,-1.14114958685747,0,0,0,-0.311345651454758,0,0,0,399.898188581516,0
185,0.000185,-182.524903150494,0,-574.502756163478,0,-601.071736103745,0,576.27332948646,0,-5.09602138969763,0,-0.492777028512297,0,0,0,-0.232096864609048,0,0,0,395.07120421509,0
186,0.000186,-180.43338397147,0,-567.702316947281,0,-593.46151215915,0,569.702941454503,0,-5.29495056959081,0,-0.504939095659912,0,0,0,-0.231698296207469,0,0,0,390.331560741973,0
187,0.000187,-178.223806234806,0,-560.832200367004,0,-580.071503805676,0,567.971752703212,0,-10.500314131856,0,-0.998993709048448,0,0,0,-0.286175066314172,0,0,0,385.682980861531,0
188,0.000188,-176.425256144858,0,-554.550594419241,0,-579.547402908567,0,556.224684155582,0,-4.88919476992857,0,-0.468687123912515,0,0,0,-0.220414636190981,0,0,0,381.12002867178,0
189,0.000189,-174.458707315478,0,-548.13584344089,0,-572.933086421812,0,549.54812199221,0,-4.58798447866911,0,-0.433609000599221,0,0,0,-0.21467197209131,0,0,0,376.63817008067,0
190,0.00019,-172.667836539953,0,-542.018947154284,0,-571.360439651117,0,539.091001941978,0,-0.125238422746747,0,-0.000543525014727653,0,0,0,-0.163496708730236,0,0,0,372.240797540653,0
191,0.000191,-170.511505018043,0,-535.506292194128,0,-555.108528498598,0,540.517921327292,0,-8.19111214540823,0,-0.771202805020351,0,0,0,-0.24874727614224,0,0,0,367.925522912187,0
192,0.000192,-168.859280525519,0,-529.696472670883,0,-555.882814375606,0,528.59138477613,0,-1.91907542917454,0,-0.177231730770928,0,0,0,-0.176769286685158,0,0,0,363.684586182606,0
193,0.000193,-166.835902892197,0,-523.48983348906,0,-542.786299486416,0,527.921918366433,0,-7.53406043155911,0,-0.7058018706677,0,0,0,-0.235986437648535,0,0,0,359.519919713402,0
194,0.000194,-165.263478883561,0,-517.912871286273,0,-544.344098421642,0,515.768901511508,0,-0.794792271134099,0,-0.0686576228233955,0,0,0,-0.159156018809881,0,0,0,355.428998429801,0
195,0.000195,-163.511862271977,0,-512.176048684865,0,-538.364153672009,0,509.82432269659,0,-0.551008895084578,0,-0.0459321011085994,0,0,0,-0.15373838780215,0,0,0,351.413182908446,0
196,0.000196,-161.524933520969,0,-506.208724688739,0,-524.158911134596,0,510.614152374564,0,-7.41224382147078,0,-0.688924066105923,0,0,0,-0.226819499395788,0,0,0,347.463787804019,0
197,0.000197,-160.14837856869,0,-501.068104974926,0,-530.028519315178,0,495.555195200112,0,2.73757464393424,0,0.24725173735725,0,0,0,-0.111325827252585,0,0,0,343.583735709862,0
198,0.000198,-158.163396304831,0,-495.218753304332,0,-513.497408063853,0,498.590320401091,0,-6.29695068778312,0,-0.582579768057146,0,0,0,-0.209641647117678,0,0,0,339.771098943409,0
199,0.000199,-156.45857482235,0,-489.782620314509,0,-506.017814577627,0,494.562919404248,0,-7.70443929710029,0,-0.711811843842526,0,0,0,-0.222979753569234,0,0,0,336.025205945951,0
200,0.0002,-154.978376233414,0,-484.685675531626,0,-505.470728612909,0,485.169493428762,0,-3.29274701220726,0,-0.301805282683186,0,0,0,-0.171748600667343,0,0,0,332.344479812616,0
201,0.000201,-153.24549593751,0,-479.325357872993,0,-495.389804190248,0,483.556862765012,0,-7.08695222201339,0,-0.65123880503418,0,0,0,-0.211472142778803,0,0,0,328.723837122698,0
202,0.000202,-151.781443785041,0,-474.358364459127,0,-493.79466880692,0,475.327636231828,0,-3.73111415265248,0,-0.340900423680429,0,0,0,-0.172124629025348,0,0,0,325.166638425012,0
203,0.000203,-150.587732006381,0,-469.785245340317,0,-501.175043701521,0,460.043118566493,0,7.22681503332655,0,0.649868691726017,0,0,0,-0.0473567144363187,0,0,0,321.665468359998,0
204,0.000204,-148.629949366575,0,-464.29907091707,0,-480.586573478939,0,467.348501505828,0,-5.79799039948728,0,-0.528907226931544,0,0,0,-0.19075875589624,0,0,0,318.226922605328,0
205,0.000205,-147.297860879595,0,-459.649752575904,0,-481.240366840656,0,457.779014063957,0,-0.752459382237305,0,-0.0635419193567675,0,0,0,-0.133102059946395,0,0,0,314.841987530547,0
206,0.000206,-145.65776917047,0,-454.667161516845,0,-470.590929272141,0,457.409574366228,0,-5.43154219062552,0,-0.493143403619305,0,0,0,-0.182628983689938,0,0,0,311.515892703928,0
207,0.000207,-144.372863901454,0,-450.174737442285,0,-471.406611582195,0,448.003717683522,0,-0.393681890401865,0,-0.0295224229926161,0,0,0,-0.12523703998886,0,0,0,308.241338150007,0
208,0.000208,-142.777438340727,0,-445.343394879252,0,-460.917536558046,0,447.793909402547,0,-5.08214432135441,0,-0.459290268247404,0,0,0,-0.174868229136337,0,0,0,305.022718107447,0
209,0.000209,-141.533919506249,0,-440.996987134218,0,-461.777659809832,0,438.634641923956,0,-0.147340827313769,0,-0.0056271273409978,0,0,0,-0.118833233253099,0,0,0,301.853920432291,0
210,0.00021,-139.957803530096,0,-436.279231794178,0,-450.619077857929,0,439.233455088145,0,-5.54597738460586,0,-0.499217319669313,0,0,0,-0.176267824368551,0,0,0,298.736914530353,0
211,0.000211,-138.591432507759,0,-431.869636304677,0,-445.967682614417,0,434.758655581456,0,-5.45492851372012,0,-0.490163882286914,0,0,0,-0.173463666811585,0,0,0,295.670649367047,0
212,0.000212,-137.252342376049,0,-427.537168636918,0,-441.616764126881,0,430.172789930264,0,-5.17234012643519,0,-0.463671530692378,0,0,0,-0.168575124291237,0,0,0,292.652969969666,0
213,0.000213,-135.92146864894,0,-423.25713057071,0,-436.921285996749,0,425.990652897275,0,-5.24848014530426,0,-0.469636598375718,0,0,0,-0.167682873317972,0,0,0,289.68293686719,0
214,0.000214,-134.632357427712,0,-419.070624284446,0,-433.056758422163,0,421.265715773893,0,-4.67581791346169,0,-0.417198248834594,0,0,0,-0.159664075123146,0,0,0,286.759329205626,0
215,0.000215,-133.499420886027,0,-415.119848258793,0,-433.889318464606,0,412.896050262388,0,-0.14501190177134,0,-0.0058849532028975,0,0,0,-0.108238345768768,0,0,0,283.880998925174,0
216,0.000216,-132.158529502552,0,-410.944926422089,0,-426.932763024231,0,410.881275934616,0,-2.32546290869408,0,-0.206846473776124,0,0,0,-0.130143062095158,0,0,0,281.04536725361,0
217,0.000217,-132.134267685013,0,-408.484374258667,0,-466.566014384557,0,371.481741097243,0,35.3941300560771,0,3.10711692444538,0,0,0,0.293674701650161,0,0,0,278.252284380651,0
218,0.000218,-129.586371646615,0,-402.85095385462,0,-415.624497187821,0,405.123021186828,0,-4.66416517869789,0,-0.412980781249789,0,0,0,-0.153091133339331,0,0,0,275.503588921156,0
219,0.000219,-128.398691157949,0,-398.984993584454,0,-412.370708812424,0,400.491058813111,0,-3.86097477942184,0,-0.340631119483315,0,0,0,-0.142696741444524,0,0,0,272.798515235826,0
220,0.000219999999999999,-127.320318757796,0,-395.291260685772,0,-412.268204058126,0,393.435598389212,0,-0.410276407454262,0,-0.0310550527914055,0,0,0,-0.103212983754929,0,0,0,270.133667648235,0
221,0.000220999999999999,-126.03814501295,0,-391.379017449915,0,-404.762722580141,0,392.436430293255,0,-3.36076713836559,0,-0.294997800108733,0,0,0,-0.13420578307705,0,0,0,267.510020948914,0
222,0.000221999999999999,-124.87385522643,0,-387.647588986903,0,-400.74154624973,0,388.739341961723,0,-3.37495604716628,0,-0.295886671959424,0,0,0,-0.132935699599329,0,0,0,264.924001133222,0
223,0.000222999999999999,-123.817880252523,0,-384.086236648262,0,-399.870427046896,0,382.614295325115,0,-0.739165594709505,0,-0.0607879592368243,0,0,0,-0.102469453646336,0,0,0,262.376993859948,0
224,0.000223999999999999,-122.624079753639,0,-380.384971432388,0,-393.878133916698,0,380.70457956615,0,-2.54648724494064,0,-0.221452313936326,0,0,0,-0.120984009176027,0,0,0,259.866786780751,0
225,0.000224999999999999,-121.482116233789,0,-376.781665407121,0,-389.129844794853,0,377.896284747374,0,-3.33758670032154,0,-0.290964300308853,0,0,0,-0.128389184304979,0,0,0,257.394127349096,0
226,0.000225999999999999,-120.371133312265,0,-373.249778483063,0,-384.953937836731,0,374.726231938594,0,-3.68706860435444,0,-0.321258114020659,0,0,0,-0.130966164462734,0,0,0,254.958294155159,0
227,0.000226999999999999,-119.303494050383,0,-369.80445400998,0,-381.773419832235,0,370.852780334134,0,-3.23090039436934,0,-0.280456116375733,0,0,0,-0.124585387471598,0,0,0,252.558948642341,0
228,0.000227999999999999,-118.218464496407,0,-366.368151687086,0,-377.536398175426,0,367.923697258974,0,-3.72925160673717,0,-0.323738932236787,0,0,0,-0.128798577003181,0,0,0,250.194594648525,0
229,0.000228999999999999,-117.203711682177,0,-363.050108887255,0,-375.255536604355,0,363.509294112062,0,-2.59186910102127,0,-0.223520961214079,0,0,0,-0.115000713150948,0,0,0,247.864080368142,0
230,0.000229999999999999,-116.165571382216,0,-359.732432380319,0,-371.728084619638,0,360.189595529256,0,-2.57120371722567,0,-0.22137419509384,0,0,0,-0.113548755878583,0,0,0,245.567352810512,0
231,0.000230999999999999,-115.162091986489,0,-356.48569791764,0,-368.968020414577,0,356.334635458243,0,-1.93232105262229,0,-0.165205427759927,0,0,0,-0.10528364428319,0,0,0,243.301705798888,0
232,0.000231999999999999,-114.134855028363,0,-353.239089224488,0,-364.957178883853,0,353.57892462876,0,-2.41504316988653,0,-0.207016939904246,0,0,0,-0.109443240391556,0,0,0,241.069998721347,0
233,0.000232999999999999,-113.166894654125,0,-350.093172069639,0,-362.560379523507,0,349.601697467371,0,-1.54905557752511,0,-0.13120061490059,0,0,0,-0.0987210514140315,0,0,0,238.868086543893,0
234,0.000233999999999999,-112.158560075273,0,-346.925484392792,0,-358.370909638662,0,347.157752287159,0,-2.26981117799315,0,-0.1937269276313,0,0,0,-0.10555011377437,0,0,0,236.69891748737,0
235,0.000234999999999999,-110.486664588764,0,-342.935098908842,0,-330.100003132397,0,364.266032879287,0,-23.7859494660528,0,-2.02664206641252,0,0,0,-0.345249577832874,0,0,0,234.558200237852,0
236,0.000235999999999999,-110.233102975054,0,-340.782770484686,0,-351.908569959181,0,340.962043359502,0,-2.18119537324282,0,-0.185424796224198,0,0,0,-0.102365529048257,0,0,0,232.449224479011,0
237,0.000236999999999999,-108.462971609115,0,-336.718616120517,0,-319.343966112847,0,361.710316854985,0,-27.4880973123322,0,-2.33566188705618,0,0,0,-0.384430842532311,0,0,0,230.367610246735,0
238,0.000237999999999999,-108.359542436281,0,-334.808433223516,0,-345.661550842436,0,334.906370198866,0,-2.06456280179697,0,-0.174778301373677,0,0,0,-0.0989551360253245,0,0,0,228.316561477656,0
239,0.000238999999999999,-107.411073771303,0,-331.841944981366,0,-341.465727313558,0,332.861051727899,0,-2.9886471122912,0,-0.250824447958308,0,0,0,-0.108431514643598,0,0,0,226.291980061178,0
240,0.000239999999999999,-106.537044054733,0,-328.997651204467,0,-339.653944103753,0,328.959904060893,0,-1.89335274431386,0,-0.159499855730147,0,0,0,-0.0950183652457781,0,0,0,224.296688672376,0
241,0.000240999999999999,-105.707004895528,0,-326.228509116918,0,-338.660055475599,0,324.474822411183,0,-0.12662295849168,0,-0.00579116497178966,0,0,0,-0.0745905279181898,0,0,0,222.327223357699,0
242,0.000241999999999999,-104.738153095241,0,-323.310926172882,0,-333.028739567239,0,323.800173507009,0,-2.39915934877774,0,-0.202403533335554,0,0,0,-0.0986277766642161,0,0,0,220.384057315629,0
243,0.000242999999999999,-103.861481331658,0,-320.531813979149,0,-329.957900507512,0,321.132920567974,0,-2.49753765439948,0,-0.210713642765149,0,0,0,-0.0987951617571525,0,0,0,218.467968551307,0
244,0.000243999999999999,-103.020269321862,0,-317.820084348321,0,-327.734624827245,0,317.851013145441,0,-1.9003565726691,0,-0.159163623898987,0,0,0,-0.0912269086111337,0,0,0,216.578015893398,0
245,0.000244999999999999,-102.178682510152,0,-315.130245700479,0,-325.163046803795,0,314.918394569703,0,-1.63739743001904,0,-0.136455833989277,0,0,0,-0.0873962725745514,0,0,0,214.713415478547,0
246,0.000245999999999999,-101.317249392992,0,-312.436491105706,0,-321.6093862205,0,312.843814683893,0,-2.25405675295272,0,-0.189005986256183,0,0,0,-0.0933113589999266,0,0,0,212.872663528479,0
247,0.000247,-100.485365821613,0,-309.801549345255,0,-318.726721176699,0,310.292895845865,0,-2.32490397609223,0,-0.194796759042075,0,0,0,-0.0932243764400482,0,0,0,211.056516622684,0
248,0.000248,-99.6918541405019,0,-307.236070282757,0,-316.814076595486,0,307.022459409464,0,-1.5909561375413,0,-0.131923397492203,0,0,0,-0.0842081594164483,0,0,0,209.264574993673,0
249,0.000249,-98.8882128148807,0,-304.678679510951,0,-314.247861612163,0,304.343859937094,0,-1.45278624025562,0,-0.120001357974724,0,0,0,-0.0818204092793167,0,0,0,207.496252100904,0
250,0.00025,-98.0764712680073,0,-302.130552269518,0,-311.120112126909,0,302.178842972396,0,-1.82933082364093,0,-0.15189272287842,0,0,0,-0.0851356450584717,0,0,0,205.749985477216,0
251,0.000251,-97.294579688014,0,-299.639904327691,0,-308.694526432383,0,299.506663310378,0,-1.62995743038599,0,-0.13479058916167,0,0,0,-0.0821003614109941,0,0,0,204.026422725964,0
252,0.000252,-96.5263210833292,0,-297.18667165935,0,-306.420248753606,0,296.774028738446,0,-1.33091174066462,0,-0.109202846038599,0,0,0,-0.0779808013758156,0,0,0,202.325924436214,0
253,0.000253,-95.7537892965213,0,-294.746361352503,0,-303.730270749389,0,294.433509986116,0,-1.41891371074249,0,-0.116552848836716,0,0,0,-0.0781487029744312,0,0,0,200.646188430138,0
254,0.000254,-94.9733789301643,0,-292.315390180796,0,-300.486321622859,0,292.600505405726,0,-2.0153823134462,0,-0.166812746765936,0,0,0,-0.0839620795741212,0,0,0,198.988316259575,0
255,0.000255,-94.2225891001138,0,-289.940432138741,0,-297.955037965767,0,290.247740997276,0,-2.0245551941552,0,-0.167372305210558,0,0,0,-0.0833129695092794,0,0,0,197.351776404738,0
256,0.000256,-93.5157190450323,0,-287.638901088387,0,-296.614846599825,0,286.986153077678,0,-1.03169170153376,0,-0.0833928114002185,0,0,0,-0.0715501355007291,0,0,0,195.736071620096,0
257,0.000257,-92.7796472436441,0,-285.318852007389,0,-294.028355672285,0,284.789287227751,0,-1.14422785397309,0,-0.0928008786963114,0,0,0,-0.0720405668544117,0,0,0,194.140956830502,0
258,0.000258,-92.0320855129584,0,-283.001383516937,0,-290.801749521015,0,283.163279756153,0,-1.83673654128251,0,-0.150936186696098,0,0,0,-0.0789581658609677,0,0,0,192.565180140185,0
259,0.000259,-91.3181934226868,0,-280.743792977184,0,-288.438392650111,0,280.891359928062,0,-1.80927582301064,0,-0.14848017052695,0,0,0,-0.0779486540996004,0,0,0,191.009359772531,0
260,0.00026,-90.6378936356007,0,-278.545504380018,0,-286.936447866869,0,277.973706890427,0,-1.0626091237279,0,-0.0856093225874182,0,0,0,-0.0689663610246498,0,0,0,189.473050996711,0
261,0.000261,-89.9417565627065,0,-276.344227883965,0,-284.652564901843,0,275.741325956984,0,-1.01834035188708,0,-0.0818261499426706,0,0,0,-0.0677782709826715,0,0,0,187.955935329144,0
262,0.000262,-89.2549182257259,0,-274.170168422163,0,-282.445426888654,0,273.494251723642,0,-0.931448347441489,0,-0.0744563535710199,0,0,0,-0.0661310789582785,0,0,0,186.45648416344,0
263,0.000263,-88.5532443752768,0,-271.993896864355,0,-279.498963898603,0,271.897073789214,0,-1.51006378463802,0,-0.122723661879047,0,0,0,-0.0718398288590834,0,0,0,184.975699519997,0
264,0.000264,-87.8847525492727,0,-269.87539370358,0,-277.416558125826,0,269.648111498767,0,-1.36484191298595,0,-0.110543154286386,0,0,0,-0.0695729118888266,0,0,0,183.513192360218,0
265,0.000265,-87.2173317128488,0,-267.774248149246,0,-275.126684591789,0,267.616833805759,0,-1.4241754158187,0,-0.115278091485929,0,0,0,-0.0695661219942849,0,0,0,182.068940073708,0
266,0.000266,-86.5650741905524,0,-265.707517556846,0,-273.111982105548,0,265.409047307406,0,-1.26842823468689,0,-0.102192483187191,0,0,0,-0.0672035509196576,0,0,0,180.642138299501,0
267,0.000267,-85.9102145328386,0,-263.652639310807,0,-270.782075503332,0,263.503432206111,0,-1.4090462361228,0,-0.113770537687056,0,0,0,-0.0681197224766947,0,0,0,179.23255839631,0
268,0.000268,-85.2773108740238,0,-261.640180733055,0,-268.960730807345,0,261.230331627528,0,-1.13155002462796,0,-0.0906049318200748,0,0,0,-0.0644341021834407,0,0,0,177.839834887002,0
269,0.000269,-84.6535378327287,0,-259.653873097152,0,-267.218738183361,0,258.937770553924,0,-0.807649110488342,0,-0.0636312622754461,0,0,0,-0.0602465462870896,0,0,0,176.463840371852,0
270,0.00027,-84.0078595615361,0,-257.653889514506,0,-264.544928529481,0,257.444131061025,0,-1.31300316158129,0,-0.105456206890149,0,0,0,-0.065219867421547,0,0,0,175.103571700611,0
271,0.000271,-83.3932628255294,0,-255.70724831894,0,-262.687398154181,0,255.331344278375,0,-1.1323034704937,0,-0.0904488252783053,0,0,0,-0.0626309770450462,0,0,0,173.759562027425,0
272,0.000272,-82.7751182501251,0,-253.770429242402,0,-260.494866479289,0,253.534711386434,0,-1.26431303826439,0,-0.101197092536814,0,0,0,-0.0634979550668504,0,0,0,172.431843931443,0
273,0.000273,-82.1772203666201,0,-251.872730303556,0,-258.769749476588,0,251.400064306113,0,-1.01163023055494,0,-0.080235856033492,0,0,0,-0.060135136009194,0,0,0,171.119671028924,0
274,0.000274,-81.5884270196477,0,-250.000004097819,0,-257.139144556811,0,249.230141783899,0,-0.697595549139322,0,-0.0542416203513153,0,0,0,-0.0561048790405039,0,0,0,169.822930062191,0
275,0.000275,-80.9739846903827,0,-248.10787416622,0,-254.469824293858,0,247.943538498698,0,-1.30478049022696,0,-0.10422028486574,0,0,0,-0.0622453057439998,0,0,0,168.540760327843,0
276,0.000276,-80.392277378651,0,-246.270132217556,0,-252.685491991538,0,245.97824375423,0,-1.16406945246106,0,-0.0925965687612119,0,0,0,-0.060148387303343,0,0,0,167.27366436739,0
277,0.000277,-79.8208633227673,0,-244.458345301449,0,-251.043678145123,0,243.937245692329,0,-0.919757638737877,0,-0.072377773492398,0,0,0,-0.056905949866632,0,0,0,166.021433276673,0
278,0.000278,-79.2579243049363,0,-242.669914461672,0,-249.487575396541,0,241.86547481098,0,-0.620331354677006,0,-0.0477023996729683,0,0,0,-0.0530716171779204,0,0,0,164.783689544928,0
279,0.000279,-78.7130098074134,0,-240.915243636817,0,-248.242626610037,0,239.578477164644,0,-0.0669308632644459,0,-0.0017038931379737,0,0,0,-0.0464718156727031,0,0,0,163.559459349168,0
280,0.00028,-78.1160278082972,0,-239.10881049931,0,-245.313807385229,0,238.694949832642,0,-0.998598043775615,0,-0.0786291164409494,0,0,0,-0.056197833182523,0,0,0,162.349043568274,0
281,0.000281,-77.5743502702724,0,-237.38342661038,0,-243.914852050901,0,236.606532784375,0,-0.618130004863815,0,-0.0474399259874699,0,0,0,-0.0514970409858506,0,0,0,161.152603129992,0
282,0.000282,-77.0281281163382,0,-235.664673160762,0,-242.179096674685,0,234.830062868133,0,-0.549364466305093,0,-0.0417465150181526,0,0,0,-0.0502393298374955,0,0,0,159.97028047352,0
283,0.000283,-76.4967526392595,0,-233.975465647876,0,-240.756505325798,0,232.832730167007,0,-0.225203099747006,0,-0.0150499135464135,0,0,0,-0.0461855716421269,0,0,0,158.800466017591,0
284,0.000284,-75.9495635369802,0,-232.278821319342,0,-238.652062848135,0,231.427144657885,0,-0.512509931922267,0,-0.0386694326111831,0,0,0,-0.0488533923053183,0,0,0,157.644590983435,0
285,0.000285,-75.5182668816436,0,-230.740377161652,0,-240.387928462053,0,226.923960166471,0,2.52308721561792,0,0.205326899492793,0,0,0,-0.0146064475120511,0,0,0,156.500833612059,0
286,0.000286,-74.8940871310533,0,-228.967370226979,0,-235.202068048428,0,228.100856213561,0,-0.47833900437962,0,-0.0358340473633758,0,0,0,-0.0475274872151203,0,0,0,155.370608626509,0
287,0.000287,-74.0389516822681,0,-226.908937722445,0,-221.73493441226,0,236.065457866087,0,-10.6994296854425,0,-0.854576405702574,0,0,0,-0.160830643144436,0,0,0,154.252064938832,0
288,0.000288000000000001,-73.8597593688411,0,-225.726464983076,0,-231.78633943774,0,224.881705616574,0,-0.481910330069184,0,-0.0360823550754736,0,0,0,-0.0466441937023774,0,0,0,153.146731117103,0
289,0.000289000000000001,-73.6945856239852,0,-224.571602895856,0,-242.130752147612,0,213.487848331873,0,9.97810822022987,0,0.800590726509781,0,0,0,0.0701802167750429,0,0,0,152.052843832399,0
290,0.000290000000000001,-72.4983333256437,0,-222.109314192086,0,-216.200169549156,0,231.725549440869,0,-11.1411979895611,0,-0.887366293333864,0,0,0,-0.164363440853776,0,0,0,150.971580166368,0
291,0.000291000000000001,-72.5507487867745,0,-221.25364940241,0,-233.850854132207,0,214.431617688508,0,5.6462515380689,0,0.453303631633804,0,0,0,0.0228456336772069,0,0,0,149.901526425145,0
292,0.000292000000000001,-71.8478369102338,0,-219.442466620356,0,-224.915904269665,0,218.863941332082,0,-0.717473434813769,0,-0.0550700905154025,0,0,0,-0.047475517669227,0,0,0,148.843152915541,0
293,0.000293000000000001,-71.3715217955736,0,-217.930897854269,0,-223.677383732183,0,217.049055406807,0,-0.399181803061452,0,-0.0292683259654534,0,0,0,-0.043544158921577,0,0,0,147.796856150296,0
294,0.000294000000000001,-70.8860714109973,0,-216.417189620435,0,-222.005028623296,0,215.616101026344,0,-0.472883740149626,0,-0.035224613888962,0,0,0,-0.0439370212843642,0,0,0,146.761153522395,0
295,0.000295000000000001,-70.0777399532981,0,-214.500369139016,0,-208.834641657983,0,223.604074427156,0,-10.5741717421735,0,-0.838050726103981,0,0,0,-0.155884118459653,0,0,0,145.737211521291,0
296,0.000296000000000001,-70.2125503831693,0,-213.799281295389,0,-228.546628141267,0,204.769031405793,0,7.94374381325216,0,0.633560153933762,0,0,0,0.0504601065476891,0,0,0,144.723697095111,0
297,0.000297000000000001,-69.4658829979195,0,-211.980183281004,0,-217.283287357648,0,211.25728681883,0,-0.527106103323547,0,-0.0395383517273867,0,0,0,-0.0433131337049417,0,0,0,143.720989714878,0
298,0.000298000000000001,-68.7518856709974,0,-210.212051603943,0,-206.952213015842,0,217.017309718442,0,-8.20286721087319,0,-0.64771358299149,0,0,0,-0.12828924873611,0,0,0,142.729485780584,0
299,0.000299000000000001,-68.5563202977085,0,-209.115970291197,0,-214.633196580895,0,208.090671713771,0,-0.20193446326121,0,-0.0132501261359882,0,0,0,-0.0389536185539328,0,0,0,141.747929415622,0
300,0.000300000000000001,-68.103544884515,0,-207.699892900884,0,-213.173888853541,0,206.658218521028,0,-0.177045034187728,0,-0.0112346148011288,0,0,0,-0.0382967147452291,0,0,0,140.776770715668,0
301,0.000301000000000001,-67.4860348217865,0,-206.082465399057,0,-205.81845887075,0,210.072391150629,0,-5.30472586962475,0,-0.416817620743205,0,0,0,-0.0949016467493493,0,0,0,139.816329048573,0
302,0.000302000000000001,-67.2101917233473,0,-204.910236142576,0,-210.247603509395,0,203.883029720755,0,-0.175695352697346,0,-0.0111422579608794,0,0,0,-0.0375293215329293,0,0,0,138.865416872214,0
303,0.000303000000000001,-66.6456048239357,0,-203.377807471901,0,-204.458544538466,0,206.072076908008,0,-3.96629134016445,0,-0.310451686409022,0,0,0,-0.0792762571654748,0,0,0,137.924948294858,0
304,0.000304000000000001,-66.3352984506994,0,-202.17854962498,0,-207.398378386951,0,201.152088044609,0,-0.160664731529408,0,-0.00994063369919895,0,0,0,-0.0366330339456908,0,0,0,136.993744452235,0
305,0.000305000000000001,-65.8210073289914,0,-200.727299135178,0,-203.092813556709,0,202.1815612346,0,-2.68497110961101,0,-0.208981376403332,0,0,0,-0.0643117211584467,0,0,0,136.072689095217,0
306,0.000306000000000001,-65.4778278800727,0,-199.5025620386,0,-204.607633485909,0,198.477518264734,0,-0.146634339578753,0,-0.00882723029871779,0,0,0,-0.0357685944472905,0,0,0,135.160643677526,0
307,0.000307000000000001,-65.010598106887,0,-198.12788765505,0,-201.678766806743,0,198.43273175566,0,-1.49641730940209,0,-0.115168494235695,0,0,0,-0.0504015756014269,0,0,0,134.258461181353,0
308,0.000308000000000001,-64.6373101479918,0,-196.880739606917,0,-201.873561812299,0,195.857925840195,0,-0.13373566230095,0,-0.00780410777870466,0,0,0,-0.0349354844365735,0,0,0,133.365043403511,0
309,0.000309000000000001,-64.213996074769,0,-195.578168872744,0,-200.217772785012,0,194.821695934444,0,-0.398083277090734,0,-0.028769555373737,0,0,0,-0.037516694777878,0,0,0,132.481212318587,0
310,0.000310000000000001,-63.8132921704807,0,-194.311603756621,0,-199.194708529585,0,193.291694655134,0,-0.121821718785526,0,-0.00686615192648021,0,0,0,-0.0341325225308537,0,0,0,131.605909883883,0
311,0.000311000000000001,-63.4309441415423,0,-193.076928397641,0,-198.714958362257,0,191.341576472493,0,0.615817029326962,0,0.0507081078869367,0,0,0,-0.0255922612850554,0,0,0,130.739926890634,0
312,0.000312000000000001,-63.0053380809186,0,-191.793727094308,0,-196.569503001535,0,190.777428232092,0,-0.1109157269901,0,-0.00600846244693765,0,0,0,-0.0333583677129354,0,0,0,129.882245234882,0
313,0.000313000000000001,-62.6611191166562,0,-190.622899182141,0,-197.172715388537,0,187.987843894802,0,1.54862163132461,0,0.123571406881525,0,0,0,-0.0145893457229249,0,0,0,129.033624375776,0
314,0.000314000000000001,-62.2130239023906,0,-189.325730880722,0,-193.996583057812,0,188.313627975972,0,-0.100887941332687,0,-0.00522655395418326,0,0,0,-0.0326119098463096,0,0,0,128.193085914568,0
315,0.000315000000000001,-61.90422009936,0,-188.214872125536,0,-195.593736890917,0,184.755790196343,0,2.40390839682512,0,0.190134105288056,0,0,0,-0.00446768355323002,0,0,0,127.361357874991,0
316,0.000316000000000001,-61.4359420620497,0,-186.906282380223,0,-191.474496085001,0,185.898977600134,0,-0.0917482091148543,0,-0.00451612248613631,0,0,0,-0.0318920034042094,0,0,0,126.537501303973,0
317,0.000317000000000001,-61.1599585119677,0,-185.851681606844,0,-193.980720821381,0,181.640788839263,0,3.18521605526162,0,0.250705991497625,0,0,0,0.0048129201750271,0,0,0,125.722212727371,0
318,0.000318000000000001,-60.673697431303,0,-184.534095276147,0,-189.001908714689,0,183.532140398132,0,-0.0834371740963178,0,-0.00387314056186649,0,0,0,-0.0311975481745321,0,0,0,124.914592348781,0
319,0.000319000000000001,-60.4280721086434,0,-183.532221406698,0,-192.336778113148,0,178.637966821201,0,3.89639558912469,0,0.305625237336925,0,0,0,0.0132968922844157,0,0,0,124.115305186712,0
320,0.000320000000000001,-59.9158075474512,0,-182.195250794292,0,-186.266980076079,0,181.465078340516,0,-0.347259204409824,0,-0.0248455746152796,0,0,0,-0.0335029582201969,0,0,0,123.323371946805,0
321,0.000321000000000001,-59.6914806704854,0,-181.233775444329,0,-190.080648822959,0,176.220807939573,0,4.03096389325293,0,0.315559397443023,0,0,0,0.0153625086531974,0,0,0,122.539660894,0
322,0.000322000000000001,-59.182722430094,0,-179.914556784555,0,-183.911861543598,0,179.1714989573,0,-0.320853096253927,0,-0.0227471027987903,0,0,0,-0.0326398200995754,0,0,0,121.763105457871,0
323,0.000323000000000001,-58.9846058861055,0,-178.999795749784,0,-188.421458279734,0,173.39720487646,0,4.64596109468057,0,0.362741943618755,0,0,0,0.0227449748199433,0,0,0,120.994564617141,0
324,0.000324000000000001,-58.4640772205344,0,-177.678395053372,0,-181.625167167941,0,176.903408629064,0,-0.275260898366938,0,-0.0191498761377027,0,0,0,-0.0315813179768156,0,0,0,120.232983837536,0
325,0.000325000000000001,-58.2901583087991,0,-176.807451581582,0,-186.767915464135,0,170.649205312644,0,5.22604526730545,0,0.407073118584095,0,0,0,0.0297234299068805,0,0,0,119.479217704323,0
326,0.000326000000000001,-57.5539642936395,0,-175.222336685285,0,-172.249242348772,0,180.524248366422,0,-6.465452434632,0,-0.498131697393114,0,0,0,-0.0997259546129499,0,0,0,118.732187190528,0
327,0.000327000000000001,-57.5561613582956,0,-174.58946450986,0,-183.322252180793,0,169.448035027995,0,4.20080378203481,0,0.327124715230458,0,0,0,0.0188756559509784,0,0,0,117.992804507345,0
328,0.000328000000000001,-57.0641331754097,0,-173.329413494095,0,-177.106714931354,0,172.558152182143,0,-0.253754081584958,0,-0.0174504495296722,0,0,0,-0.0302720842591953,0,0,0,117.260023627963,0
329,0.000329000000000001,-56.9320754081816,0,-172.536688765511,0,-183.295763281353,0,165.520936484521,0,6.1264457892825,0,0.475274015650327,0,0,0,0.0407512927195057,0,0,0,116.534671141756,0
330,0.000330000000000002,-56.3883838760039,0,-171.222609207034,0,-175.05932112565,0,170.327504732177,0,-0.115075347563447,0,-0.00654536469026873,0,0,0,-0.0282348070759326,0,0,0,115.816170346375,0
331,0.000331000000000002,-56.0522966678829,0,-170.180418476462,0,-173.962638069858,0,169.29940959437,0,-0.123391639481071,0,-0.0072132055244804,0,0,0,-0.028072968008928,0,0,0,115.104449362144,0
332,0.000332000000000002,-55.719728568643,0,-169.1485040728,0,-172.889918206271,0,168.269837496979,0,-0.119768432776425,0,-0.00693602881437777,0,0,0,-0.0277834400476422,0,0,0,114.399427072707,0
333,0.000333000000000002,-55.3901920159353,0,-168.126185970381,0,-171.827478595464,0,167.24973429794,0,-0.116068959180168,0,-0.0066524487467442,0,0,0,-0.02749617601512,0,0,0,113.701018410052,0
334,0.000334000000000002,-55.0636423512202,0,-167.113333873451,0,-170.774981725441,0,166.23914617856,0,-0.112473497143895,0,-0.00637766282075874,0,0,0,-0.0272131322708447,0,0,0,113.009139581994,0
335,0.000335000000000002,-54.7400419265044,0,-166.109828701243,0,-169.732316731181,0,165.237937475669,0,-0.108964521377501,0,-0.00611215172175089,0,0,0,-0.02693439021823,0,0,0,112.323708131471,0
336,0.000336000000000002,-54.4193561598552,0,-165.115555211902,0,-168.69931408282,0,164.246037155669,0,-0.105585652705471,0,-0.00585512359329632,0,0,0,-0.0266598448506556,0,0,0,111.644642916134,0
337,0.000337000000000002,-54.1015487945794,0,-164.130397802219,0,-167.675889194312,0,163.263291859644,0,-0.102298493836173,0,-0.00560648031720068,0,0,0,-0.026389361184556,0,0,0,110.971864082866,0
338,0.000338000000000002,-53.7865851739309,0,-163.154243608937,0,-166.66188948151,0,162.289619499872,0,-0.0991333871386644,0,-0.00536612472867726,0,0,0,-0.0261228925955947,0,0,0,110.305293038614,0
339,0.000339000000000002,-53.4744298092242,0,-162.186980873346,0,-165.657253742155,0,161.324852662592,0,-0.096033531845606,0,-0.00513351901482512,0,0,0,-0.0258603730471805,0,0,0,109.644852433675,0
340,0.000340000000000002,-53.1650502004014,0,-161.228501072153,0,-164.661809642545,0,160.368935333595,0,-0.0930512469099227,0,-0.00490886070722557,0,0,0,-0.0256017257925123,0,0,0,108.990466131428,0
341,0.000341000000000002,-52.8584122870081,0,-160.278696211055,0,-163.675490589526,0,159.421712589044,0,-0.0901385091606244,0,-0.00469162747218027,0,0,0,-0.025346867449116,0,0,0,108.342059187769,0
342,0.000342000000000002,-52.5544839501293,0,-159.337460450828,0,-162.698125896764,0,158.483134202827,0,-0.0873508231137663,0,-0.00448175340844775,0,0,0,-0.0250957417010795,0,0,0,107.699557830113,0
343,0.000343000000000002,-52.2532329025326,0,-158.40469045192,0,-161.729655621046,0,157.553046236785,0,-0.0846359329025717,0,-0.00427893891069547,0,0,0,-0.0248482651368249,0,0,0,107.062889432288,0
344,0.000344000000000002,-51.9546258342449,0,-157.480280447751,0,-160.76995827999,0,156.631354080067,0,-0.0820059136811437,0,-0.00408308229330639,0,0,0,-0.0246043993101921,0,0,0,106.431982495561,0
345,0.000345000000000002,-51.6586333283205,0,-156.56413208507,0,-159.818935532613,0,155.717948380294,0,-0.0794482245798065,0,-0.00389402318507009,0,0,0,-0.0243640600820072,0,0,0,105.806766626024,0
346,0.000346000000000002,-51.3652218091491,0,-155.656142337248,0,-158.876450501034,0,154.812758389741,0,-0.0769952410102661,0,-0.00371153534661323,0,0,0,-0.0241272028360981,0,0,0,105.18717251378,0
347,0.000347000000000002,-51.074364363849,0,-154.75621769391,0,-157.942443180655,0,153.915643839057,0,-0.0745984447353436,0,-0.00353520526468704,0,0,0,-0.0238937148824334,0,0,0,104.573131914767,0
348,0.000348000000000002,-50.7860280704071,0,-153.864257395267,0,-157.016759158214,0,153.026555588706,0,-0.0723100898496654,0,-0.00336537692815975,0,0,0,-0.0236635925539304,0,0,0,103.964577628718,0
349,0.000349000000000002,-50.5001843876769,0,-152.980168124661,0,-156.099363366166,0,152.145334615847,0,-0.0700629796243675,0,-0.00320137074850546,0,0,0,-0.0234367439697962,0,0,0,103.361443481452,0
350,0.000350000000000002,-50.2168047875145,0,-152.103856002912,0,-155.190107667994,0,151.271933532293,0,-0.0679037352664977,0,-0.00304309281618798,0,0,0,-0.0232131165394094,0,0,0,102.763664304743,0
351,0.000351000000000002,-49.9358599262007,0,-151.235228354111,0,-154.288906823604,0,150.406246573183,0,-0.0658183759399549,0,-0.00289069131240055,0,0,0,-0.0229926652973518,0,0,0,102.171175919482,0
352,0.000352000000000002,-49.6573216220536,0,-150.374194219708,0,-153.395683771888,0,149.548163001348,0,-0.0637866059531262,0,-0.00274380888092185,0,0,0,-0.0227753065701108,0,0,0,101.583915115398,0
353,0.000353000000000002,-49.381162110392,0,-149.52066354081,0,-152.510301706083,0,148.697633066573,0,-0.0618487584468284,0,-0.0026023184421427,0,0,0,-0.0225610285997391,0,0,0,101.001819634503,0
354,0.000354000000000002,-49.1073538774778,0,-148.674548987299,0,-151.632692106986,0,147.854544807645,0,-0.0599785953078964,0,-0.0024661374524933,0,0,0,-0.0223497287224745,0,0,0,100.424828156061,0
355,0.000355000000000002,-48.8358702885198,0,-147.835762975737,0,-150.76279404405,0,147.018777745889,0,-0.0581437360194599,0,-0.00233485887251789,0,0,0,-0.0221413799590664,0,0,0,99.8528802731264,0
356,0.000356000000000002,-48.5666842533824,0,-147.004219442606,0,-149.900460386316,0,146.190301435397,0,-0.0563992257247889,0,-0.00220861533902955,0,0,0,-0.0219359370530583,0,0,0,99.2859164851038,0
357,0.000357000000000002,-48.2997688125286,0,-146.179834101349,0,-149.045638451536,0,145.368995752512,0,-0.0547078838471862,0,-0.002087248966745,0,0,0,-0.0217333492910257,0,0,0,98.7238781722135,0
358,0.000358000000000002,-48.035099801857,0,-145.362525003031,0,-148.19823670144,0,144.554779397996,0,-0.0530703155380508,0,-0.00197063873417286,0,0,0,-0.0215335367975058,0,0,0,98.1667075849493,0
359,0.000359000000000002,-47.7726502213673,0,-144.55220837146,0,-147.358150098884,0,143.747587480349,0,-0.0515052928323314,0,-0.00185851475832377,0,0,0,-0.0213365063682431,0,0,0,97.6143478276684,0
360,0.000360000000000002,-47.5123963130721,0,-143.748804841191,0,-146.525315738599,0,142.947316148014,0,-0.0499877892652449,0,-0.00175076209616615,0,0,0,-0.0211421639978653,0,0,0,97.0667428465623,0
361,0.000361000000000002,-47.2543114401725,0,-142.952233780175,0,-145.699658956622,0,142.153876864758,0,-0.048508621189626,0,-0.00164742772780113,0,0,0,-0.0209504699450918,0,0,0,96.5238374066648,0
362,0.000362000000000002,-46.9983730182376,0,-142.162417462096,0,-144.881056411989,0,141.367228682525,0,-0.0471052674020171,0,-0.00154832951053363,0,0,0,-0.0207614062528592,0,0,0,95.9855770845774,0
363,0.000363000000000002,-46.7445552540997,0,-141.379277270287,0,-144.069447062126,0,140.587273887877,0,-0.0457577483164044,0,-0.00145332258518488,0,0,0,-0.0205748960288474,0,0,0,95.4519082508851,0
364,0.000364000000000002,-46.4928358302501,0,-140.602738874033,0,-143.264747750059,0,139.813939063389,0,-0.0444661235472381,0,-0.00136228484002504,0,0,0,-0.0203909206029493,0,0,0,94.9227780573713,0
365,0.000365000000000002,-46.2431906221588,0,-139.832726391032,0,-142.466915167376,0,139.047112536126,0,-0.0431942087021042,0,-0.00127500947406523,0,0,0,-0.0202094119449612,0,0,0,94.3981344205375,0
366,0.000366000000000002,-45.9955972215038,0,-139.069166203961,0,-141.675815874966,0,138.286773844706,0,-0.0419950177762161,0,-0.00119160928699841,0,0,0,-0.0200303465389879,0,0,0,93.877926012949,0
367,0.000367000000000002,-45.7500319259599,0,-138.311984281987,0,-140.891415331343,0,137.532807202758,0,-0.0408264943926469,0,-0.00111168896618702,0,0,0,-0.0198536824173061,0,0,0,93.3621022472315,0
368,0.000368000000000002,-45.5064723813352,0,-137.561108589172,0,-140.113605145904,0,136.785171339523,0,-0.0397191828763823,0,-0.00103552958605924,0,0,0,-0.0196793778595747,0,0,0,92.8506132625035,0
369,0.000369000000000002,-45.2648973945437,0,-136.816470311955,0,-139.342338406118,0,136.043770005688,0,-0.0386440573036992,0,-0.000962617146771871,0,0,0,-0.019507367425831,0,0,0,92.3434099135555,0
370,0.000370000000000002,-45.0252840132389,0,-136.077996781096,0,-138.577510561271,0,135.308559019347,0,-0.0376309097571408,0,-0.000893327476030714,0,0,0,-0.0193376848765183,0,0,0,91.840443754486,0
371,0.000371000000000003,-44.7876111507247,0,-135.34562106058,0,-137.81908859593,0,134.579433190195,0,-0.0366394709267297,0,-0.000827203841050506,0,0,0,-0.0191702192678349,0,0,0,91.3416670318996,0
372,0.000372000000000003,-44.5518580317942,0,-134.619274461642,0,-137.066969205633,0,133.856353036501,0,-0.0356997628982043,0,-0.000764230570975355,0,0,0,-0.0190049435768742,0,0,0,90.8470326743104,0
373,0.000373000000000003,-44.3180033297027,0,-133.898890584707,0,-136.321100050097,0,133.139234287426,0,-0.0347925826218045,0,-0.000704427262413432,0,0,0,-0.0188418632169487,0,0,0,90.3564942716903,0
374,0.000374000000000003,-44.0860264997011,0,-133.184402408078,0,-135.581394298754,0,132.428025675666,0,-0.0339343336030851,0,-0.00064760539360792,0,0,0,-0.0186809014849132,0,0,0,89.8700060729078,0
375,0.000375000000000003,-43.8559071281178,0,-132.475745774806,0,-134.847784327836,0,131.722662235579,0,-0.0331228234094709,0,-0.000593786116968864,0,0,0,-0.0185220417624805,0,0,0,89.3875229675609,0
376,0.000376000000000003,-43.627624268065,0,-131.772855076939,0,-134.12023732199,0,131.023043561079,0,-0.0323234173054914,0,-0.000542715982097541,0,0,0,-0.0183652611885918,0,0,0,88.9090004808511,0
377,0.000377000000000003,-43.4011595973733,0,-131.075669113547,0,-133.398645405972,0,130.329148069001,0,-0.0315746994559021,0,-0.000494411047278542,0,0,0,-0.0182104988634819,0,0,0,88.4343947613112,0
378,0.000378000000000003,-43.1764928286095,0,-130.384123522788,0,-132.68295102303,0,129.640901887962,0,-0.0308679794050022,0,-0.000448905985208359,0,0,0,-0.0180577434512088,0,0,0,87.9636625649585,0
379,0.000379000000000003,-42.9536048113437,0,-129.698157358915,0,-131.973104804673,0,128.958228726849,0,-0.0301870282692533,0,-0.000405981278878642,0,0,0,-0.0179069522419013,0,0,0,87.4967612556637,0
380,0.000380000000000003,-42.7324765435898,0,-129.017710236833,0,-131.269023268697,0,128.281087324609,0,-0.0295502676678581,0,-0.00036565611449485,0,0,0,-0.0177580885210773,0,0,0,87.0336487846129,0
381,0.000381000000000003,-42.5130887867091,0,-128.342721523717,0,-130.570651644305,0,127.609408618801,0,-0.0289491781865081,0,-0.000327745711562022,0,0,0,-0.0176111348991981,0,0,0,86.5742836852109,0
382,0.000382000000000003,-42.2954230020442,0,-127.673132164404,0,-129.877950674209,0,126.943109998119,0,-0.0283597994113336,0,-0.000292257995294032,0,0,0,-0.0174660661141388,0,0,0,86.1186250619415,0
383,0.000383000000000003,-42.0794614448653,0,-127.008884841576,0,-129.190840898888,0,126.282151840787,0,-0.0277990226057625,0,-0.000259069568816883,0,0,0,-0.017322833678918,0,0,0,85.6666325864273,0
384,0.000384000000000003,-41.865096745098,0,-126.349881293252,0,-128.51231816004,0,125.624015152264,0,-0.0247826795301194,0,-2.02447399992867e-05,0,0,0,-0.0171571657992899,0,0,0,85.2182762028732,0
385,0.000385000000000003,-41.6445581752048,0,-125.6861389447,0,-127.59199224059,0,125.173991340916,0,-0.239063309201583,0,-0.0162490574246213,0,0,0,-0.0193678812793223,0,0,0,84.7734238012022,0
386,0.000386000000000003,-41.4338026109141,0,-125.037810815498,0,-126.927997632933,0,124.523163697117,0,-0.23267965251793,0,-0.0157666835020168,0,0,0,-0.0191641718993196,0,0,0,84.332170803584,0
387,0.000387000000000003,-41.230522749885,0,-124.401725165546,0,-126.451889005587,0,123.726818357072,0,-0.0653263215579045,0,-0.00317445618626583,0,0,0,-0.0171960254956502,0,0,0,83.894239520197,0
388,0.000388000000000003,-41.0244376879533,0,-123.765329023823,0,-125.836206255383,0,123.055366632714,0,-0.0257738787051096,0,-0.00014694419904876,0,0,0,-0.0166358752321685,0,0,0,83.4599917304519,0
389,0.000389000000000003,-40.8177370519098,0,-123.130903206766,0,-125.152008706144,0,122.448821686442,0,-0.0504930891972464,0,-0.00208450005566918,0,0,0,-0.0167684203479439,0,0,0,83.0289723440292,0
390,0.000390000000000003,-40.6107192090068,0,-122.499074608088,0,-124.434992506677,0,121.877999923609,0,-0.109033049062802,0,-0.00652983790141254,0,0,0,-0.0172804561734665,0,0,0,82.6011826764484,0
391,0.000391000000000003,-40.4073810413494,0,-121.874748390168,0,-123.783966448482,0,121.262097265567,0,-0.113949447986528,0,-0.00690333412219835,0,0,0,-0.0172080591873964,0,0,0,82.1767598622188,0
392,0.000392000000000003,-40.2058346009932,0,-121.255582820624,0,-123.145256548944,0,120.6451044551,0,-0.112509713717074,0,-0.00680028573012936,0,0,0,-0.0170677906571655,0,0,0,81.7556685082146,0
393,0.000393000000000003,-40.0058387169993,0,-120.641240986064,0,-122.511936488658,0,120.032617420481,0,-0.110772923444358,0,-0.00667385723561315,0,0,0,-0.0169254181528231,0,0,0,81.337873339939,0
394,0.000394000000000003,-39.8073637139446,0,-120.031655529514,0,-121.883593400269,0,119.424879770563,0,-0.109056438315875,0,-0.00654829589338868,0,0,0,-0.0167844703391893,0,0,0,80.9233395424972,0
395,0.000395000000000003,-39.61039384098,0,-119.426777331159,0,-121.260174785891,0,118.821839149601,0,-0.107356229641596,0,-0.0064251980398698,0,0,0,-0.0166451375407632,0,0,0,80.5120327638367,0
396,0.000396000000000003,-39.4149145415174,0,-118.826556457207,0,-120.641598720277,0,118.223473725079,0,-0.105701820156099,0,-0.00630420692440825,0,0,0,-0.0165073600364849,0,0,0,80.1039191079363,0
397,0.000397000000000003,-39.2209083298408,0,-118.230943180621,0,-120.027826445129,0,117.629723498651,0,-0.104081766999172,0,-0.00618568428154181,0,0,0,-0.0163711722416338,0,0,0,79.6989651275074,0
398,0.000398000000000003,-39.0283630402282,0,-117.63989380002,0,-119.418837833813,0,117.040513498073,0,-0.10246328328536,0,-0.00606920995899529,0,0,0,-0.0162365282012615,0,0,0,79.2971378168237,0
399,0.000399000000000003,-38.8372612170673,0,-117.053356517106,0,-118.814555814143,0,116.455819229938,0,-0.100875368347118,0,-0.00595505416622194,0,0,0,-0.0161033508047694,0,0,0,78.8984046047496,0
400,0.000400000000000003,-38.6475901160948,0,-116.471288101748,0,-118.214903004986,0,115.875625195756,0,-0.0993441726468234,0,-0.0058429843242645,0,0,0,-0.0159717165515758,0,0,0,78.5027333477396,0
401,0.000401000000000003,-38.4593342314537,0,-115.893641276285,0,-117.61990364329,0,115.299812233221,0,-0.0977977447048204,0,-0.00573300394977772,0,0,0,-0.0158415094629163,0,0,0,78.1100923231371,0
402,0.000402000000000003,-38.2724790830229,0,-115.320369837806,0,-117.029446870403,0,114.728396221603,0,-0.0962986502042469,0,-0.00562512196671394,0,0,0,-0.015712798704044,0,0,0,77.7204502224856,0
403,0.000403000000000003,-38.087012050858,0,-114.751430524513,0,-116.443465793993,0,114.161352136052,0,-0.094864793910773,0,-0.00551931451794258,0,0,0,-0.0155855110642733,0,0,0,77.3337761449632,0
404,0.000404000000000003,-37.9029176973707,0,-114.18677900359,0,-115.862016848489,0,113.598535854748,0,-0.0933947361882588,0,-0.00541534986424769,0,0,0,-0.0154596001812024,0,0,0,76.9500395910693,0
405,0.000405000000000003,-37.7201833412588,0,-113.626370824873,0,-115.284966443733,0,113.039987185113,0,-0.0919744420377953,0,-0.00531323364147118,0,0,0,-0.0153351091285003,0,0,0,76.5692104562847,0
406,0.000406000000000003,-37.5387948554198,0,-113.070163747296,0,-114.712297777229,0,112.485636606578,0,-0.0905749843210657,0,-0.00521322438126948,0,0,0,-0.0152119920239784,0,0,0,76.1912590248904,0
407,0.000407000000000003,-37.358739049258,0,-112.518115226179,0,-114.143958517553,0,111.935449312873,0,-0.0892040770805664,0,-0.00511493860551193,0,0,0,-0.0150902033783495,0,0,0,75.8161559639295,0
408,0.000408000000000003,-37.180002464057,0,-111.970182253048,0,-113.579911388892,0,111.38937405905,0,-0.0878541166176632,0,-0.00501855009257207,0,0,0,-0.0149697823653696,0,0,0,75.4438723172411,0
409,0.000409000000000003,-37.0025722091085,0,-111.426324479282,0,-113.02009647026,0,110.847387796415,0,-0.0865411999478169,0,-0.00492390649627222,0,0,0,-0.0148506534169428,0,0,0,75.0743794995715,0
410,0.000410000000000003,-36.8264354571604,0,-110.886501783505,0,-112.464530190981,0,110.309391392096,0,-0.0852053931507442,0,-0.004830950324334,0,0,0,-0.0147328199673211,0,0,0,74.7076492909376,0
411,0.000411000000000003,-36.6515798381833,0,-110.350672148168,0,-111.913084400666,0,109.775425447666,0,-0.0839311026684157,0,-0.00473987784004959,0,0,0,-0.014616282278439,0,0,0,74.3436538308773,0
412,0.000412000000000004,-36.4779915417032,0,-109.818795742467,0,-111.36577120515,0,109.245399110164,0,-0.082665803101051,0,-0.00465031506548436,0,0,0,-0.0145010230626212,0,0,0,73.9823656131051,0
413,0.000413000000000004,-36.3056599065968,0,-109.290834035724,0,-110.822502360304,0,108.719317266862,0,-0.0814535700294243,0,-0.0045625732394855,0,0,0,-0.0143869881576393,0,0,0,73.6237574798621,0
414,0.000414000000000004,-36.1345709561407,0,-108.766748139635,0,-110.283342650863,0,108.197039573484,0,-0.0801910423051737,0,-0.00447611691210864,0,0,0,-0.014274175191531,0,0,0,73.2678026167579,0
415,0.000415000000000004,-35.9647143638515,0,-108.246499530971,0,-109.748100962786,0,107.678672860396,0,-0.0790253038278337,0,-0.00439163819935634,0,0,0,-0.0141625940450467,0,0,0,72.9144745474772,0
416,0.000416000000000004,-35.7960761584167,0,-107.730049895123,0,-109.216863254276,0,107.164057821121,0,-0.0778334813292929,0,-0.00430851787265274,0,0,0,-0.0140521635767072,0,0,0,72.5637471284602,0
417,0.000417000000000004,-35.6286465909119,0,-107.21736298129,0,-108.689517577862,0,106.653227109821,0,-0.0766852307461647,0,-0.00422689609659666,0,0,0,-0.0139429483679123,0,0,0,72.2155945442243,0
418,0.000418000000000004,-35.4624119847905,0,-106.708399966359,0,-108.166079213879,0,106.146089847257,0,-0.0755280771077196,0,-0.00414678839771809,0,0,0,-0.0138348757463973,0,0,0,71.8699913020325,0
419,0.000419000000000004,-35.297362585352,0,-106.203125895932,0,-107.64645689982,0,105.642661751571,0,-0.074412730438894,0,-0.00406816132475463,0,0,0,-0.0137279581249459,0,0,0,71.5269122272551,0
420,0.000420000000000004,-35.1334857855607,0,-105.701503496617,0,-107.130643282631,0,105.142876126686,0,-0.0733095617743658,0,-0.00399095903584018,0,0,0,-0.0136221843713429,0,0,0,71.1863324583901,0
421,0.000421000000000004,-34.9707709999819,0,-105.203498857096,0,-106.618583308435,0,104.646717094521,0,-0.0722353368552291,0,-0.00391510604919676,0,0,0,-0.0135175139294006,0,0,0,70.8482274426148,0
422,0.000422000000000004,-34.8092067594356,0,-104.70907516405,0,-106.110268313416,0,104.154118178884,0,-0.0711614854834721,0,-0.00384070773602391,0,0,0,-0.0134139441797743,0,0,0,70.5125729310835,0
423,0.000423000000000004,-34.6487828595143,0,-104.218199139461,0,-105.605624414492,0,103.665083557732,0,-0.070124573940447,0,-0.00376758860962462,0,0,0,-0.0133114615164232,0,0,0,70.1793449740993,0
424,0.000424000000000004,-34.489486924518,0,-103.730834605172,0,-105.104656014484,0,103.179537386961,0,-0.0690850805635392,0,-0.00369584454936966,0,0,0,-0.013210062548751,0,0,0,69.8485199168808,0
425,0.000425000000000004,-34.3313094835043,0,-103.246949207038,0,-104.607299446486,0,102.697474413317,0,-0.0680695673316194,0,-0.00362545749528825,0,0,0,-0.0131096892146161,0,0,0,69.5200743953709,0
426,0.000426000000000004,-34.1742393441529,0,-102.766507677734,0,-104.113499417179,0,102.218878814551,0,-0.0670985183009236,0,-0.00355630848850086,0,0,0,-0.0130103833798785,0,0,0,69.1939853316848,0
427,0.000427000000000004,-34.0182661793508,0,-102.289479468018,0,-103.623286594719,0,101.743656902679,0,-0.0661061801458231,0,-0.00348834847471352,0,0,0,-0.0129121042846236,0,0,0,68.8702299298674,0
428,0.000428000000000004,-33.8633798675808,0,-101.815829871222,0,-103.13658530118,0,101.271812741672,0,-0.0651333774366236,0,-0.00342156012706529,0,0,0,-0.0128148387011606,0,0,0,68.5487856719271,0
429,0.000429000000000004,-33.6213682562547,0,-101.232133399695,0,-99.6066477704037,0,103.320539551183,0,-2.74958479508324,0,-0.198491906097701,0,0,0,-0.0423257350339554,0,0,0,68.2296180520024,0
430,0.000430000000000004,-33.5563321783191,0,-100.877912782133,0,-102.159353682802,0,100.349810833743,0,-0.0758014214748357,0,-0.00421897626202233,0,0,0,-0.0127606780588394,0,0,0,67.9127232956188,0
431,0.000431000000000004,-33.3165971942711,0,-100.300985362381,0,-98.6396325439923,0,102.40268627884,0,-2.7576226425134,0,-0.198899267633927,0,0,0,-0.0422422180708963,0,0,0,67.5980676760933,0
432,0.000432000000000004,-33.2539935811451,0,-99.9537281896919,0,-101.209939766563,0,99.4292587600303,0,-0.0740113458428766,0,-0.00409602684929039,0,0,0,-0.0125735052133678,0,0,0,67.2856418788379,0
433,0.000433000000000004,-33.0246611440641,0,-99.3939667548984,0,-97.9848029197424,0,101.251017025202,0,-2.50241875148757,0,-0.180212419982122,0,0,0,-0.0392601321946131,0,0,0,66.9754139598238,0
434,0.000434000000000004,-32.9558404673157,0,-99.0424787309021,0,-100.274969045493,0,98.5207268614596,0,-0.071362455635807,0,-0.00390720764825164,0,0,0,-0.012379698397126,0,0,0,66.6673728902675,0
435,0.000435000000000004,-32.7371091303524,0,-98.5000697746873,0,-97.3525760207964,0,100.104328166468,0,-2.23897789735831,0,-0.160966242930349,0,0,0,-0.0361911913641961,0,0,0,66.3614889585481,0
436,0.000436000000000004,-32.661762131518,0,-98.1438814867288,0,-99.3532481092869,0,97.6247387410053,0,-0.0686766190598291,0,-0.00371765406157437,0,0,0,-0.0121888180001406,0,0,0,66.057749901994,0
437,0.000437000000000004,-32.453315065282,0,-97.6183478794992,0,-96.7236919311447,0,98.9780971902909,0,-1.98406428955866,0,-0.142372845170523,0,0,0,-0.0332196524104802,0,0,0,65.7561281405737,0
438,0.000438000000000004,-32.3716810090435,0,-97.2576971296221,0,-98.4444341692044,0,96.7411409440607,0,-0.0660394555525841,0,-0.0035315514592259,0,0,0,-0.0120014466665452,0,0,0,65.456610315026,0
439,0.000439000000000004,-32.1731815530429,0,-96.7485377639532,0,-96.0971304149008,0,97.8727297466128,0,-1.73835988355228,0,-0.124481638448133,0,0,0,-0.0303532738034846,0,0,0,65.1591708379996,0
440,0.000440000000000004,-32.0855250760354,0,-96.3836952857673,0,-97.5482973759889,0,95.8696882246285,0,-0.063435576487052,0,-0.00334888028899549,0,0,0,-0.011817476406577,0,0,0,64.8637953709512,0
441,0.000441000000000004,-31.8966602463774,0,-95.8904413338751,0,-95.4734412258997,0,96.7873558021753,0,-1.50117736929823,0,-0.10723694394166,0,0,0,-0.0275838118832326,0,0,0,64.5704601766125,0
442,0.000442000000000004,-31.8032215649657,0,-95.5216503366828,0,-96.6646112757815,0,95.0101472518312,0,-0.0608550424230714,0,-0.00316926849106675,0,0,0,-0.0116368444578256,0,0,0,64.279150054534,0
443,0.000443000000000004,-31.6236817136059,0,-95.0438388939947,0,-94.8525271912634,0,95.7216319842045,0,-1.27238954009443,0,-0.0906330836397825,0,0,0,-0.0249106620758539,0,0,0,63.9898429681976,0
444,0.000444000000000004,-31.5247017937691,0,-94.6713420897722,0,-95.7930865735948,0,94.162353462147,0,-0.0583534803887318,0,-0.00299263956146428,0,0,0,-0.0114594202896114,0,0,0,63.7025229837274,0
445,0.000445000000000004,-31.3541930041701,0,-94.2085320018232,0,-94.2346139020596,0,94.6749768406868,0,-1.05160413936607,0,-0.0746353959688428,0,0,0,-0.0223286896944046,0,0,0,63.4171696084611,0
446,0.000446000000000004,-31.2498968994347,0,-93.8325563892722,0,-94.9335900416054,0,93.3260028813263,0,-0.0558384226776099,0,-0.00281852058434556,0,0,0,-0.0112851090088952,0,0,0,63.1337663114521,0
447,0.000447000000000004,-31.088141630012,0,-93.3843284454197,0,-93.6200549700097,0,93.6467021304988,0,-0.838313288283835,0,-0.0592065940579999,0,0,0,-0.0198324402008438,0,0,0,62.8522939784116,0
448,0.000448000000000004,-30.9076380417006,0,-92.9136347044259,0,-91.6334398513593,0,94.5293536131624,0,-2.21739860514198,0,-0.158537016101949,0,0,0,-0.0349505469639553,0,0,0,62.5727258121668,0
449,0.000449000000000004,-30.8442428311257,0,-92.595181485638,0,-93.6587328516724,0,92.0987964228348,0,-0.0588380974487137,0,-0.0030504478538359,0,0,0,-0.0111022383935051,0,0,0,62.2950595763707,0
450,0.000450000000000004,-30.6904450079578,0,-92.1620489563793,0,-92.5347179403424,0,92.2783205999907,0,-0.681837425211008,0,-0.0478809962798299,0,0,0,-0.0178942734928569,0,0,0,62.0192754565283,0
451,0.000451000000000004,-30.5259956389111,0,-91.7168304249644,0,-91.018808263914,0,92.7871136645907,0,-1.65331798509391,0,-0.117761677512044,0,0,0,-0.0285234550246969,0,0,0,61.7453460764962,0
452,0.000452000000000004,-30.4468643405653,0,-91.3829245567322,0,-92.417828221782,0,90.8895085859459,0,-0.054635542707139,0,-0.00275485031293371,0,0,0,-0.0108464134100359,0,0,0,61.4732653162502,0
453,0.000453000000000005,-30.3052875565576,0,-90.9702533166856,0,-91.6338912915938,0,90.802811449891,0,-0.385025244067734,0,-0.0264970971790741,0,0,0,-0.0144168638507836,0,0,0,61.2030160071394,0
454,0.000454000000000005,-30.1613175040325,0,-90.5560720413923,0,-90.7429542461173,0,90.8095692511596,0,-0.81237213717305,0,-0.0571981065336506,0,0,0,-0.0190547072852496,0,0,0,60.9345747574803,0
455,0.000455000000000005,-30.0064392685566,0,-90.1293927542865,0,-89.4495693434614,0,91.1542394065564,0,-1.59744753492103,0,-0.113563657499549,0,0,0,-0.0276313187059714,0,0,0,60.667923049675,0
456,0.000456000000000005,-29.9289822009755,0,-89.8038217853755,0,-90.7989608552703,0,89.3169887635866,0,-0.0519275843226197,0,-0.00257332982508848,0,0,0,-0.0105457702011336,0,0,0,60.4030544203104,0
457,0.000457000000000005,-29.8009299482875,0,-89.4146670158952,0,-90.3754990893716,0,88.951497335221,0,-0.0737675131672191,0,-0.00413463124139815,0,0,0,-0.0107206773973303,0,0,0,60.1399535840519,0
458,0.000458000000000005,-29.6809968949474,0,-89.0374674871564,0,-90.2076565464322,0,88.3792005576397,0,0.127699993969138,0,0.0103132100866926,0,0,0,-0.00843700706900563,0,0,0,59.8786005206875,0
459,0.000459000000000005,-29.571812368762,0,-88.6755742039531,0,-90.3840038227849,0,87.5267520376103,0,0.630768849064779,0,0.0463754484182416,0,0,0,-0.00283346482319757,0,0,0,59.618981687646,0
460,0.000460000000000005,-29.4859565242394,0,-88.3451520353556,0,-91.3370591320217,0,86.0361086457609,0,1.81744777487189,0,0.131402521634397,0,0,0,0.0102951466105878,0,0,0,59.3610862724496,0
461,0.000461000000000005,-29.301456279841,0,-87.8893064372242,0,-88.8647314883306,0,87.3852292595545,0,-0.0228847223432425,0,-0.00046874743659206,0,0,0,-0.00990353235101793,0,0,0,59.104908525045,0
462,0.000462000000000005,-29.2329019225607,0,-87.5840912088752,0,-90.3696405208645,0,85.4468444982878,0,1.64657895262042,0,0.119046150588542,0,0,0,0.00853927526623011,0,0,0,58.8503963195476,0
463,0.000463000000000005,-29.0555548314754,0,-87.1403139233589,0,-88.0948448464157,0,86.6417444694277,0,-0.024030274041337,0,-0.000564116163301959,0,0,0,-0.00978986386326142,0,0,0,58.5975689559928,0
464,0.000464000000000005,-28.9842645862626,0,-86.8344236258417,0,-89.4555170953588,0,84.8316554830937,0,1.51374635759421,0,0.109435492669067,0,0,0,0.00720067230577115,0,0,0,58.3463814970387,0
465,0.000465000000000005,-28.8128146867914,0,-86.401052037254,0,-87.3356473285084,0,85.9074173212338,0,-0.0246480236902684,0,-0.000619759113620499,0,0,0,-0.00967265578219667,0,0,0,58.0968474343908,0
466,0.000466000000000005,-28.7421321889532,0,-86.098738797009,0,-88.6682097637182,0,84.129344299256,0,1.48406929257309,0,0.107214212788169,0,0,0,0.00699515201267786,0,0,0,57.8489269652483,0
467,0.000467000000000005,-28.5732152279961,0,-85.6713954601437,0,-86.5877532355391,0,85.181437734747,0,-0.0240379170446516,0,-0.000584322595788639,0,0,0,-0.00954418085166253,0,0,0,57.6026316937373,0
468,0.000468000000000005,-28.5075035976259,0,-85.3782270085067,0,-88.0435239170017,0,83.3099433141859,0,1.58935829158366,0,0.114639586815142,0,0,0,0.00827310554450378,0,0,0,57.3579219191623,0
469,0.000469000000000005,-28.336722437665,0,-84.9512063916773,0,-85.8513571850791,0,84.4633526904083,0,-0.0218769208830594,0,-0.000434403414179357,0,0,0,-0.00940095046826173,0,0,0,57.114813625696,0
470,0.000470000000000005,-28.2824384654503,0,-84.6754449233413,0,-87.653721684108,0,82.313282426653,0,1.89364764427972,0,0.136257696955628,0,0,0,0.0117386226920644,0,0,0,56.8732599329916,0
471,0.000471000000000005,-28.1033280722592,0,-84.2403873112053,0,-85.1269298412011,0,83.7525196239231,0,-0.0176079065322625,0,-0.000127295507132419,0,0,0,-0.00923731362854596,0,0,0,56.633297519132,0
472,0.000472000000000005,-27.987234364199,0,-83.8877694290131,0,-84.756579807254,0,83.4100481616564,0,-0.0258573956536097,0,-0.000740804314563609,0,0,0,-0.00926856997830328,0,0,0,56.3948451578462,0
473,0.000473000000000005,-27.9234427978248,0,-83.603728570044,0,-86.1613911756344,0,81.601569370008,0,1.53246255694024,0,0.110331819822073,0,0,0,0.00793573656119406,0,0,0,56.1579181518762,0
474,0.000474000000000005,-27.7582460116096,0,-83.1904900651425,0,-84.0475025259531,0,82.7115255509494,0,-0.0204133999375742,0,-0.000351200920529593,0,0,0,-0.00909489899640903,0,0,0,55.9225270686671,0
475,0.000475000000000005,-27.6442653802216,0,-82.8444787114859,0,-83.6824276553599,0,82.3770500562668,0,-0.0301187505022966,0,-0.00106655180736626,0,0,0,-0.00914414606813807,0,0,0,55.6886165909174,0
476,0.000476000000000005,-27.5775364246619,0,-82.5605070758611,0,-84.9174563473982,0,80.7212802271994,0,1.37234017526393,0,0.0987860792362354,0,0,0,0.00634144728246611,0,0,0,55.4561987718794,0
477,0.000477000000000005,-27.4196964237683,0,-82.1605563871562,0,-82.9911758675902,0,81.6882025408759,0,-0.0209942171855531,0,-0.00040869547656483,0,0,0,-0.00893303855264094,0,0,0,55.2252749883012,0
478,0.000478000000000005,-27.3078725967502,0,-81.8211086262017,0,-82.6340770609755,0,81.359193355144,0,-0.0296176607744982,0,-0.00104182107938672,0,0,0,-0.00897174047713634,0,0,0,54.9957972208067,0
479,0.000479000000000005,-27.246356064643,0,-81.547605542466,0,-83.98266729398,0,79.6211194508067,0,1.46751240639578,0,0.10542853370129,0,0,0,0.00755188966286369,0,0,0,54.7677750527495,0
480,0.000480000000000005,-27.087544414915,0,-81.1501305717975,0,-81.9579900018192,0,80.6816264767778,0,-0.0188706545079853,0,-0.000266284948275908,0,0,0,-0.00874604292039294,0,0,0,54.5412148634898,0
481,0.000481000000000005,-26.9777774463222,0,-80.8170292638242,0,-81.6078031927604,0,80.3586505030541,0,-0.0272119282815524,0,-0.00088016338848898,0,0,0,-0.00878302974160761,0,0,0,54.3160594768122,0
482,0.000482000000000005,-26.9237003094719,0,-80.5567697305232,0,-83.148612470506,0,78.4727689576683,0,1.63429352487725,0,0.117142475527073,0,0,0,0.00954524149710778,0,0,0,54.0923219105261,0
483,0.000483000000000005,-26.7615366421543,0,-80.1586170010269,0,-80.9448601812259,0,79.6934622085451,0,-0.0163458704287933,0,-9.18287034711029e-05,0,0,0,-0.00855892308754846,0,0,0,53.8700220986955,0
484,0.000484000000000005,-26.6539187120786,0,-79.8318824507296,0,-80.6050612848899,0,79.373373820011,0,-0.021174714446019,0,-0.000452427542827982,0,0,0,-0.00855865028279368,0,0,0,53.6490884335329,0
485,0.000485000000000005,-26.5469031109862,0,-79.5070950686932,0,-80.2654925255313,0,79.056827414732,0,-0.0276400602901106,0,-0.000927358270552736,0,0,0,-0.00857723264198285,0,0,0,53.4295224393163,0
486,0.000486000000000005,-26.4407692721772,0,-79.1845928020775,0,-79.9338470132232,0,78.7374573466806,0,-0.0289039114359539,0,-0.00102354248032624,0,0,0,-0.00853962791734375,0,0,0,53.2113232688159,0
487,0.000487000000000005,-26.3353416421384,0,-78.8641556482762,0,-79.6058565232535,0,78.4187575470193,0,-0.0287559241786255,0,-0.00101704092294108,0,0,0,-0.00848697293258738,0,0,0,52.9944810586408,0
488,0.000488000000000005,-26.2305627620005,0,-78.545703953132,0,-79.2801219008523,0,78.1018543728584,0,-0.0284264963169818,0,-0.000996450637733071,0,0,0,-0.00843261874979362,0,0,0,52.7789846489724,0
489,0.000489000000000005,-26.1264198901813,0,-78.2292123064399,0,-78.9564639210262,0,77.7868596338217,0,-0.0280561894770628,0,-0.000974357809254506,0,0,0,-0.00837846010108478,0,0,0,52.5648228182527,0
490,0.000490000000000005,-26.0229071707774,0,-77.9146630913019,0,-78.6347972557939,0,77.4738198262995,0,-0.0277100102528678,0,-0.000952463920604829,0,0,0,-0.00832475672359578,0,0,0,52.3519844390563,0
491,0.000491000000000005,-25.9200193631098,0,-77.6020407918841,0,-78.3151367633911,0,77.1626884119046,0,-0.0273562028946941,0,-0.000930823807832659,0,0,0,-0.00827151157136541,0,0,0,52.140458500077,0
492,0.000492000000000005,-25.8177519144971,0,-77.2913299649954,0,-77.9974741276163,0,76.853440679243,0,-0.0269854960438067,0,-0.000909603973656303,0,0,0,-0.00821872962114867,0,0,0,51.9302341026734,0
493,0.000493000000000005,-25.7160988196854,0,-76.9825133439153,0,-77.6817253013333,0,76.5461273481042,0,-0.0266663583077502,0,-0.000888807859284774,0,0,0,-0.00816641541314311,0,0,0,51.7213004629356,0
494,0.000494000000000006,-25.6150556041072,0,-76.6755762808025,0,-77.3679413255458,0,76.2406666142752,0,-0.0263311276626439,0,-0.000868320456262894,0,0,0,-0.00811456088558771,0,0,0,51.5136469099997,0
495,0.000495000000000006,-25.5146172761688,0,-76.3705034088343,0,-77.0560940789566,0,75.9370551352241,0,-0.0259916157157463,0,-0.000848259703968179,0,0,0,-0.00806313843349926,0,0,0,51.307262883558,0
496,0.000496000000000006,-25.4147784311114,0,-76.0672787278891,0,-76.7461565668278,0,75.6352884899535,0,-0.0256595845406196,0,-0.000828454629486747,0,0,0,-0.00801218669221271,0,0,0,51.1021379325616,0
497,0.000497000000000006,-25.3155353886034,0,-75.7658882811666,0,-76.4381014801208,0,75.3353628981227,0,-0.0253451039270587,0,-0.000809064859943892,0,0,0,-0.00796166417421773,0,0,0,50.8982617153598,0
498,0.000498000000000006,-25.2168822767743,0,-75.4663160294294,0,-76.1319289000369,0,75.0372478050484,0,-0.0250336056652571,0,-0.000790018359445005,0,0,0,-0.00791158655192703,0,0,0,50.6956239961496,0
499,0.000499000000000006,-25.1188151958815,0,-75.1685483828187,0,-75.8276301536049,0,74.7409224422556,0,-0.0247174503736787,0,-0.00077131330864344,0,0,0,-0.0078619323176099,0,0,0,50.4942146455563,0
500,0.000500000000000006,-25.0213286315748,0,-74.8725692946464,0,-75.5251796593392,0,74.4463814009475,0,-0.0244077944006804,0,-0.000752883685215616,0,0,0,-0.00781271241430659,0,0,0,50.2940236387569,0