Step,Time (s),Particle Count,Err,M0 (m-3),Err,Equiv. Sphere Diameter (m),Err,Collision Diameter (m),Err,Mobility Diameter (m),Err,Surface Area (m2/m3),Err,Avg. Surface Area (m2),Err,Fv (-),Err,Avg. Volume (m3),Err,Mass (kg/m3),Err,Avg. Mass (kg),Err,Mass2 (kg2/m6),Err,Mass3 (kg3/m9),Err,Avg num coags (-),Err,Max num coags (-),Err,aluminum,Err,Avg. aluminum,Err
0,0,1,0,10000000000000,0,1.00000066044886e-05,0,1.00000066044886e-05,0,1.00000066044886e-05,0,3141.59680331375,0,3.14159680331375e-10,0,0.00523600174719664,0,5.23600174719664e-16,0,12.4459761530864,0,1.24459761530864e-12,0,1.54902322403196e-11,0,1.92791061068788e-23,0,0,0,0,0,2.7759790040313e+20,0,27759790040313,0
1,1e-06,1,0,10000000000000,0,1.00000066044886e-05,0,1.00000066044886e-05,0,1.00000066044886e-05,0,3141.59680331375,0,3.14159680331375e-10,0,0.00523600174719664,0,5.23600174719664e-16,0,12.4459761530864,0,1.24459761530864e-12,0,1.54902322403196e-11,0,1.92791061068788e-23,0,0,0,0,0,2.7759790040313e+20,0,27759790040313,0
2,2e-06,1,0,10000000000000,0,1.00000066044886e-05,0,1.00000066044886e-05,0,1.00000066044886e-05,0,3141.59680331375,0,3.14159680331375e-10,0,0.00523600174719664,0,5.23600174719664e-16,0,12.4459761530864,0,1.24459761530864e-12,0,1.54902322403196e-11,0,1.92791061068788e-23,0,0,0,0,0,2.7759790040313e+20,0,27759790040313,0
3,3e-06,1,0,10000000000000,0,1.00000066044886e-05,0,1.00000066044886e-05,0,1.00000066044886e-05,0,3141.59680331375,0,3.14159680331375e-10,0,0.00523600174719664,0,5.23600174719664e-16,0,12.4459761530864,0,1.24459761530864e-12,0,1.54902322403196e-11,0,1.92791061068788e-23,0,0,0,0,0,2.7759790040313e+20,0,27759790040313,0
4,4e-06,1,0,10000000000000,0,1.00000066044886e-05,0,1.00000066044886e-05,0,1.00000066044886e-05,0,3141.59680331375,0,3.14159680331375e-10,0,0.00523600174719664,0,5.23600174719664e-16,0,12.4459761530864,0,1.24459761530864e-12,0,1.54902322403196e-11,0,1.92791061068788e-23,0,0,0,0,0,2.7759790040313e+20,0,27759790040313,0
5,5e-06,1,0,10000000000000,0,1.00000066044886e-05,0,1.00000066044886e-05,0,1.00000066044886e-05,0,3141.59680331375,0,3.14159680331375e-10,0,0.00523600174719664,0,5.23600174719664e-16,0,12.4459761530864,0,1.24459761530864e-12,0,1.54902322403196e-11,0,1.92791061068788e-23,0,0,0,0,0,2.7759790040313e+20,0,27759790040313,0
6,6e-06,1,0,10000000000000,0,1.00000066044886e-05,0,1.00000066044886e-05,0,1.00000066044886e-05,0,3141.59680331375,0,3.14159680331375e-10,0,0.00523600174719664,0,5.23600174719664e-16,0,12.4459761530864,0,1.24459761530864e-12,0,1.54902322403196e-11,0,1.92791061068788e-23,0,0,0,0,0,2.7759790040313e+20,0,27759790040313,0
7,7e-06,1,0,10000000000000,0,1.00000066044886e-05,0,1.00000066044886e-05,0,1.00000066044886e-05,0,3141.59680331375,0,3.14159680331375e-10,0,0.00523600174719664,0,5.23600174719664e-16,0,12.4459761530864,0,1.24459761530864e-12,0,1.54902322403196e-11,0,1.92791061068788e-23,0,0,0,0,0,2.7759790040313e+20,0,27759790040313,0
8,8e-06,1,0,10101008118319.9,0,9.94181861540737e-06,0,9.94181861540737e-06,0,9.94181861540737e-06,0,3136.50701740524,0,3.10514255672822e-10,0,0.00519710090068088,0,5.14513090159294e-16,0,12.3535088409185,0,1.22299761530864e-12,0,1.51083118531375e-11,0,1.84774293677264e-23,0,0,0,0,0,2.7553548831122e+20,0,27278018697113,0
9,9e-06,1,0,10101008118319.9,0,9.94181861540737e-06,0,9.94181861540737e-06,0,9.94181861540737e-06,0,3136.50701740524,0,3.10514255672822e-10,0,0.00519710090068088,0,5.14513090159294e-16,0,12.3535088409185,0,1.22299761530864e-12,0,1.51083118531375e-11,0,1.84774293677264e-23,0,0,0,0,0,2.7553548831122e+20,0,27278018697113,0
10,1e-05,1,0,10101008118319.9,0,9.94181861540737e-06,0,9.94181861540737e-06,0,9.94181861540737e-06,0,3136.50701740524,0,3.10514255672822e-10,0,0.00519710090068088,0,5.14513090159294e-16,0,12.3535088409185,0,1.22299761530864e-12,0,1.51083118531375e-11,0,1.84774293677264e-23,0,0,0,0,0,2.7553548831122e+20,0,27278018697113,0
11,1.1e-05,1,0,10101008118319.9,0,9.94181861540737e-06,0,9.94181861540737e-06,0,9.94181861540737e-06,0,3136.50701740524,0,3.10514255672822e-10,0,0.00519710090068088,0,5.14513090159294e-16,0,12.3535088409185,0,1.22299761530864e-12,0,1.51083118531375e-11,0,1.84774293677264e-23,0,0,0,0,0,2.7553548831122e+20,0,27278018697113,0
12,1.2e-05,1,0,10153546354636.4,0,9.91246743777986e-06,0,9.91246743777986e-06,0,9.91246743777986e-06,0,3134.2322565679,0,3.08683502994666e-10,0,0.00517799944384351,0,5.09969547879108e-16,0,12.308104678016,0,1.21219761530864e-12,0,1.49198551396601e-11,0,1.80858128210464e-23,0,0,0,0,0,2.74522783471018e+20,0,27037133025513,0
13,1.3e-05,1,0,10207119691775.4,0,9.88294140328523e-06,0,9.88294140328523e-06,0,9.88294140328523e-06,0,3132.02717085039,0,3.06847305158388e-10,0,0.00515894373448413,0,5.05426005598923e-16,0,12.2628092568688,0,1.20139761530864e-12,0,1.47325097981869e-11,0,1.76996021390529e-23,0,0,0,0,0,2.73512504031809e+20,0,26796247353913,0
14,1.4e-05,1,0,10261741937777.8,0,9.85323788418503e-06,0,9.85323788418503e-06,0,9.85323788418503e-06,0,3129.88872392378,0,3.05005596798467e-10,0,0.00513992657973536,0,5.00882463318738e-16,0,12.2176054800309,0,1.19059761530864e-12,0,1.45462519493066e-11,0,1.73187328825231e-23,0,0,0,0,0,2.7250426864825e+20,0,26555361682313,0
15,1.5e-05,1,0,10261741937777.8,0,9.85323788418503e-06,0,9.85323788418503e-06,0,9.85323788418503e-06,0,3129.88872392378,0,3.05005596798467e-10,0,0.00513992657973536,0,5.00882463318738e-16,0,12.2176054800309,0,1.19059761530864e-12,0,1.45462519493066e-11,0,1.73187328825231e-23,0,0,0,0,0,2.7250426864825e+20,0,26555361682313,0
16,1.6e-05,1,0,10317427136075.9,0,9.82335418898213e-06,0,9.82335418898213e-06,0,9.82335418898213e-06,0,3127.81378612748,0,3.03158311163717e-10,0,0.00512094065261382,0,4.96338921038553e-16,0,12.172475931263,0,1.17979761530864e-12,0,1.4361058076106e-11,0,1.69431420714987e-23,0,0,0,0,0,2.71497688864549e+20,0,26314476010713,0
17,1.7e-05,1,0,10374189568923.5,0,9.79328756027404e-06,0,9.79328756027404e-06,0,9.79328756027404e-06,0,3125.79913103398,0,3.01305380074941e-10,0,0.00510197848835983,0,4.91795378758368e-16,0,12.1274028668313,0,1.16899761530864e-12,0,1.4176905031213e-11,0,1.65727681739451e-23,0,0,0,0,0,2.7049236892041e+20,0,26073590339113,0
18,1.8e-05,1,0,10374189568923.5,0,9.79328756027404e-06,0,9.79328756027404e-06,0,9.79328756027404e-06,0,3125.79913103398,0,3.01305380074941e-10,0,0.00510197848835983,0,4.91795378758368e-16,0,12.1274028668313,0,1.16899761530864e-12,0,1.4176905031213e-11,0,1.65727681739451e-23,0,0,0,0,0,2.7049236892041e+20,0,26073590339113,0
19,1.9e-05,1,0,10432043760865.5,0,9.76303517251333e-06,0,9.76303517251333e-06,0,9.76303517251333e-06,0,3123.84143189364,0,2.99446733880885e-10,0,0.00508303248070248,0,4.87251836478183e-16,0,12.0823682066298,0,1.15819761530864e-12,0,1.39937700441996e-11,0,1.62075510943694e-23,0,0,0,0,0,2.6948790555301e+20,0,25832704667513,0
20,2e-05,1,0,10549965203624.2,0,9.70196146279279e-06,0,9.70196146279279e-06,0,9.70196146279279e-06,0,3119.7514151056,0,2.9571200993477e-10,0,0.00504462149433253,0,4.78164751917813e-16,0,11.9910652920284,0,1.13659761530864e-12,0,1.36290162159297e-11,0,1.54907073300285e-23,0,0,0,0,0,2.674514644509e+20,0,25350933324313,0
21,2.1e-05,1,0,10549965203624.2,0,9.70196146279279e-06,0,9.70196146279279e-06,0,9.70196146279279e-06,0,3119.7514151056,0,2.9571200993477e-10,0,0.00504462149433253,0,4.78164751917813e-16,0,11.9910652920284,0,1.13659761530864e-12,0,1.36290162159297e-11,0,1.54907073300285e-23,0,0,0,0,0,2.674514644509e+20,0,25350933324313,0
22,2.2e-05,1,0,10549965203624.2,0,9.70196146279279e-06,0,9.70196146279279e-06,0,9.70196146279279e-06,0,3119.7514151056,0,2.9571200993477e-10,0,0.00504462149433253,0,4.78164751917813e-16,0,11.9910652920284,0,1.13659761530864e-12,0,1.36290162159297e-11,0,1.54907073300285e-23,0,0,0,0,0,2.674514644509e+20,0,25350933324313,0
23,2.3e-05,1,0,10611190794985.8,0,9.67113412745708e-06,0,9.67113412745708e-06,0,9.67113412745708e-06,0,3117.94757806919,0,2.93835785097987e-10,0,0.00502568502001684,0,4.73621209637628e-16,0,11.94605329258,0,1.12579761530864e-12,0,1.34488383091365e-11,0,1.51406700970974e-23,0,0,0,0,0,2.66447506514123e+20,0,25110047652713,0
24,2.4e-05,1,0,10611190794985.8,0,9.67113412745708e-06,0,9.67113412745708e-06,0,9.67113412745708e-06,0,3117.94757806919,0,2.93835785097987e-10,0,0.00502568502001684,0,4.73621209637628e-16,0,11.94605329258,0,1.12579761530864e-12,0,1.34488383091365e-11,0,1.51406700970974e-23,0,0,0,0,0,2.66447506514123e+20,0,25110047652713,0
25,2.5e-05,1,0,10735947331025.3,0,9.60888288025842e-06,0,9.60888288025842e-06,0,9.60888288025842e-06,0,3114.12502709785,0,2.9006522955813e-10,0,0.00498721390029337,0,4.64534125077257e-16,0,11.8546074409973,0,1.10419761530864e-12,0,1.30898292667693e-11,0,1.44537582611639e-23,0,0,0,0,0,2.6440787731287e+20,0,24628276309513,0
26,2.6e-05,1,0,10800685741990.3,0,9.57745247761017e-06,0,9.57745247761017e-06,0,9.57745247761017e-06,0,3112.44162008119,0,2.88170741602157e-10,0,0.00496821372906616,0,4.59990582797072e-16,0,11.8094440339903,0,1.09339761530864e-12,0,1.29124179448858e-11,0,1.41184069888066e-23,0,0,0,0,0,2.63400542347255e+20,0,24387390637913,0
27,2.7e-05,1,0,10800685741990.3,0,9.57745247761017e-06,0,9.57745247761017e-06,0,9.57745247761017e-06,0,3112.44162008119,0,2.88170741602157e-10,0,0.00496821372906616,0,4.59990582797072e-16,0,11.8094440339903,0,1.09339761530864e-12,0,1.29124179448858e-11,0,1.41184069888066e-23,0,0,0,0,0,2.63400542347255e+20,0,24387390637913,0
28,2.8e-05,1,0,10800685741990.3,0,9.57745247761017e-06,0,9.57745247761017e-06,0,9.57745247761017e-06,0,3112.44162008119,0,2.88170741602157e-10,0,0.00496821372906616,0,4.59990582797072e-16,0,11.8094440339903,0,1.09339761530864e-12,0,1.29124179448858e-11,0,1.41184069888066e-23,0,0,0,0,0,2.63400542347255e+20,0,24387390637913,0
29,2.9e-05,1,0,10800685741990.3,0,9.57745247761017e-06,0,9.57745247761017e-06,0,9.57745247761017e-06,0,3112.44162008119,0,2.88170741602157e-10,0,0.00496821372906616,0,4.59990582797072e-16,0,11.8094440339903,0,1.09339761530864e-12,0,1.29124179448858e-11,0,1.41184069888066e-23,0,0,0,0,0,2.63400542347255e+20,0,24387390637913,0
30,3e-05,1,0,10866625367496.4,0,9.54581441897519e-06,0,9.54581441897519e-06,0,9.54581441897519e-06,0,3110.78890552818,0,2.86270005666431e-10,0,0.00494917236403198,0,4.55447040516887e-16,0,11.764182709304,0,1.08259761530864e-12,0,1.27358761471477e-11,0,1.37878291457683e-23,0,0,0,0,0,2.62391023403315e+20,0,24146504966313,0
31,3.1e-05,1,0,10933782814727.7,0,9.5139652401032e-06,0,9.5139652401032e-06,0,9.5139652401032e-06,0,3109.16261015349,0,2.84362938503357e-10,0,0.00493008092012107,0,4.50903498236702e-16,0,11.7188023471278,0,1.07179761530864e-12,0,1.25601844099249e-11,0,1.34619756983942e-23,0,0,0,0,0,2.61378849419957e+20,0,23905619294713,0
32,3.2e-05,1,0,11002174966122,0,9.48190138333938e-06,0,9.48190138333938e-06,0,9.48190138333938e-06,0,3107.55832194676,0,2.82449454904651e-10,0,0.00491093033330412,0,4.46359955956517e-16,0,11.6732814022639,0,1.06099761530864e-12,0,1.23853237306287e-11,0,1.31407989430226e-23,0,0,0,0,0,2.6036353984816e+20,0,23664733623113,0
33,3.3e-05,1,0,11071818983082.9,0,9.44961919412613e-06,0,9.44961919412613e-06,0,9.44961919412613e-06,0,3105.97148507186,0,2.80529467634688e-10,0,0.0048917113559792,0,4.41816413676332e-16,0,11.6275978931626,0,1.05019761530864e-12,0,1.22112755791671e-11,0,1.28242524931179e-23,0,0,0,0,0,2.59344604406408e+20,0,23423847951513,0
34,3.4e-05,1,0,11142732309690.1,0,9.41711491733639e-06,0,9.41711491733639e-06,0,9.41711491733639e-06,0,3104.39739456912,0,2.78602887360888e-10,0,0.00487241455225681,0,4.37272871396147e-16,0,11.5817293907144,0,1.03939761530864e-12,0,1.20380219098586e-11,0,1.25122912661402e-23,0,0,0,0,0,2.58321542830714e+20,0,23182962279913,0
35,3.5e-05,1,0,11214932676402.4,0,9.38438469342852e-06,0,9.38438469342852e-06,0,9.38438469342852e-06,0,3102.83119085104,0,2.76669622580953e-10,0,0.00485303029314027,0,4.32729329115962e-16,0,11.5356530067944,0,1.02859761530864e-12,0,1.18655451738167e-11,0,1.22048714701248e-23,0,0,0,0,0,2.57293844619096e+20,0,22942076608313,0
36,3.6e-05,1,0,11214932676402.4,0,9.38438469342852e-06,0,9.38438469342852e-06,0,9.38438469342852e-06,0,3102.83119085104,0,2.76669622580953e-10,0,0.00485303029314027,0,4.32729329115962e-16,0,11.5356530067944,0,1.02859761530864e-12,0,1.18655451738167e-11,0,1.22048714701248e-23,0,0,0,0,0,2.57293844619096e+20,0,22942076608313,0
37,3.7e-05,1,0,11214932676402.4,0,9.38438469342852e-06,0,9.38438469342852e-06,0,9.38438469342852e-06,0,3102.83119085104,0,2.76669622580953e-10,0,0.00485303029314027,0,4.32729329115962e-16,0,11.5356530067944,0,1.02859761530864e-12,0,1.18655451738167e-11,0,1.22048714701248e-23,0,0,0,0,0,2.57293844619096e+20,0,22942076608313,0
38,3.8e-05,1,0,11214932676402.4,0,9.38438469342852e-06,0,9.38438469342852e-06,0,9.38438469342852e-06,0,3102.83119085104,0,2.76669622580953e-10,0,0.00485303029314027,0,4.32729329115962e-16,0,11.5356530067944,0,1.02859761530864e-12,0,1.18655451738167e-11,0,1.22048714701248e-23,0,0,0,0,0,2.57293844619096e+20,0,22942076608313,0
39,3.9e-05,1,0,11288438103743.3,0,9.35142455441208e-06,0,9.35142455441208e-06,0,9.35142455441208e-06,0,3101.26785398143,0,2.74729579546795e-10,0,0.0048335487515983,0,4.28185786835777e-16,0,11.4893453825492,0,1.01779761530864e-12,0,1.16938283318159e-11,0,1.19019505899508e-23,0,0,0,0,0,2.56260988770344e+20,0,22701190936713,0
40,4e-05,1,0,11288438103743.3,0,9.35142455441208e-06,0,9.35142455441208e-06,0,9.35142455441208e-06,0,3101.26785398143,0,2.74729579546795e-10,0,0.0048335487515983,0,4.28185786835777e-16,0,11.4893453825492,0,1.01779761530864e-12,0,1.16938283318159e-11,0,1.19019505899508e-23,0,0,0,0,0,2.56260988770344e+20,0,22701190936713,0
41,4.1e-05,1,0,11288438103743.3,0,9.35142455441208e-06,0,9.35142455441208e-06,0,9.35142455441208e-06,0,3101.26785398143,0,2.74729579546795e-10,0,0.0048335487515983,0,4.28185786835777e-16,0,11.4893453825492,0,1.01779761530864e-12,0,1.16938283318159e-11,0,1.19019505899508e-23,0,0,0,0,0,2.56260988770344e+20,0,22701190936713,0
42,4.2e-05,1,0,11438095708185.5,0,9.28479809122678e-06,0,9.28479809122678e-06,0,9.28479809122678e-06,0,3097.76541481845,0,2.70828772013297e-10,0,0.00479369106780245,0,4.19098702275406e-16,0,11.3946036681664,0,9.96197615308641e-13,0,1.13512770016145e-11,0,1.13081150797162e-23,0,0,0,0,0,2.54147847890934e+20,0,22219419593513,0
43,4.3e-05,1,0,11593178200676.9,0,9.21720144853858e-06,0,9.21720144853858e-06,0,9.21720144853858e-06,0,3094.21539823415,0,2.66899666741384e-10,0,0.00475333774851823,0,4.10011617715036e-16,0,11.2986838282278,0,9.74597615308641e-13,0,1.10116703151172e-11,0,1.07319476296781e-23,0,0,0,0,0,2.52008429829511e+20,0,21737648250313,0
44,4.4e-05,1,0,11593178200676.9,0,9.21720144853858e-06,0,9.21720144853858e-06,0,9.21720144853858e-06,0,3094.21539823415,0,2.66899666741384e-10,0,0.00475333774851823,0,4.10011617715036e-16,0,11.2986838282278,0,9.74597615308641e-13,0,1.10116703151172e-11,0,1.07319476296781e-23,0,0,0,0,0,2.52008429829511e+20,0,21737648250313,0
45,4.5e-05,1,0,11593178200676.9,0,9.21720144853858e-06,0,9.21720144853858e-06,0,9.21720144853858e-06,0,3094.21539823415,0,2.66899666741384e-10,0,0.00475333774851823,0,4.10011617715036e-16,0,11.2986838282278,0,9.74597615308641e-13,0,1.10116703151172e-11,0,1.07319476296781e-23,0,0,0,0,0,2.52008429829511e+20,0,21737648250313,0
46,4.6e-05,1,0,11593178200676.9,0,9.21720144853858e-06,0,9.21720144853858e-06,0,9.21720144853858e-06,0,3094.21539823415,0,2.66899666741384e-10,0,0.00475333774851823,0,4.10011617715036e-16,0,11.2986838282278,0,9.74597615308641e-13,0,1.10116703151172e-11,0,1.07319476296781e-23,0,0,0,0,0,2.52008429829511e+20,0,21737648250313,0
47,4.7e-05,1,0,11753842293575.6,0,9.14859851758661e-06,0,9.14859851758661e-06,0,9.14859851758661e-06,0,3090.57203345069,0,2.62941424281311e-10,0,0.00471240373432538,0,4.00924533154666e-16,0,11.2013836764914,0,9.52997615308641e-13,0,1.06748919318535e-11,0,1.01731465547338e-23,0,0,0,0,0,2.49838224977863e+20,0,21255876907113,0
48,4.8e-05,1,0,11837046092310,0,9.11390781361279e-06,0,9.11390781361279e-06,0,9.11390781361279e-06,0,3088.89022436539,0,2.60951102181827e-10,0,0.00469198005909673,0,3.96380990874481e-16,0,11.1528366004729,0,9.42197615308641e-13,0,1.05081760488925e-11,0,9.90077841450992e-24,0,0,0,0,0,2.48755419884258e+20,0,21014991235513,0
49,4.9e-05,1,0,11921711516870.2,0,9.07895099009735e-06,0,9.07895099009735e-06,0,9.07895099009735e-06,0,3087.16487716997,0,2.58953160609647e-10,0,0.00467137302364766,0,3.91837448594296e-16,0,11.1038536772105,0,9.31397615308641e-13,0,1.03421028356899e-11,0,9.63260991843833e-24,0,0,0,0,0,2.47662893553979e+20,0,20774105563913,0
50,5e-05,1,0,11921711516870.2,0,9.07895099009735e-06,0,9.07895099009735e-06,0,9.07895099009735e-06,0,3087.16487716997,0,2.58953160609647e-10,0,0.00467137302364766,0,3.91837448594296e-16,0,11.1038536772105,0,9.31397615308641e-13,0,1.03421028356899e-11,0,9.63260991843833e-24,0,0,0,0,0,2.47662893553979e+20,0,20774105563913,0
51,5.1e-05,1,0,11921711516870.2,0,9.07895099009735e-06,0,9.07895099009735e-06,0,9.07895099009735e-06,0,3087.16487716997,0,2.58953160609647e-10,0,0.00467137302364766,0,3.91837448594296e-16,0,11.1038536772105,0,9.31397615308641e-13,0,1.03421028356899e-11,0,9.63260991843833e-24,0,0,0,0,0,2.47662893553979e+20,0,20774105563913,0
52,5.19999999999999e-05,1,0,12007859392690.8,0,9.04372288390757e-06,0,9.04372288390757e-06,0,9.04372288390757e-06,0,3085.38922951401,0,2.56947481529646e-10,0,0.00465057077066581,0,3.87293906314111e-16,0,11.0544067218726,0,9.20597615308641e-13,0,1.01766604668078e-11,0,9.36860935754894e-24,0,0,0,0,0,2.46560017346097e+20,0,20533219892313,0
53,5.29999999999999e-05,1,0,12097859083701.1,0,9.00821816974401e-06,0,9.00821816974401e-06,0,9.00821816974401e-06,0,3084.15492616134,0,2.54933943669131e-10,0,0.00463045996831773,0,3.82750364033926e-16,0,11.0066033446912,0,9.09797615308641e-13,0,1.00137814756482e-11,0,9.11051450676658e-24,0,0,0,0,0,2.45493799881551e+20,0,20292334220713,0
54,5.39999999999999e-05,1,0,12097859083701.1,0,9.00821816974401e-06,0,9.00821816974401e-06,0,9.00821816974401e-06,0,3084.15492616134,0,2.54933943669131e-10,0,0.00463045996831773,0,3.82750364033926e-16,0,11.0066033446912,0,9.09797615308641e-13,0,1.00137814756482e-11,0,9.11051450676658e-24,0,0,0,0,0,2.45493799881551e+20,0,20292334220713,0
55,5.49999999999999e-05,1,0,12189377475251.7,0,8.97243135305346e-06,0,8.97243135305346e-06,0,8.97243135305346e-06,0,3082.84498468547,0,2.52912422389463e-10,0,0.00461010571407159,0,3.7820682175374e-16,0,10.9582212823482,0,8.98997615308641e-13,0,9.8514148008554e-12,0,8.85639841338525e-24,0,0,0,0,0,2.44414675290727e+20,0,20051448549113,0
56,5.59999999999999e-05,1,0,12468553676468.7,0,8.86332064325962e-06,0,8.86332064325962e-06,0,8.86332064325962e-06,0,3077.22231795897,0,2.4679865827313e-10,0,0.00454573785543776,0,3.64576194913185e-16,0,10.8052188823756,0,8.66597615308641e-13,0,9.36377691635455e-12,0,8.11462674599495e-24,0,0,0,0,0,2.41002074746855e+20,0,19328791534313,0
57,5.69999999999999e-05,1,0,12566407589105,0,8.82634681467452e-06,0,8.82634681467452e-06,0,8.82634681467452e-06,0,3075.55141047114,0,2.44743884731037e-10,0,0.00452431705837294,0,3.60032652633e-16,0,10.7543016477525,0,8.55797615308641e-13,0,9.20350570445635e-12,0,7.87633823435322e-24,0,0,0,0,0,2.39866405093319e+20,0,19087905862713,0
58,5.79999999999999e-05,1,0,12864865607156.3,0,8.71352401381965e-06,0,8.71352401381965e-06,0,8.71352401381965e-06,0,3068.6177387673,0,2.38526995343062e-10,0,0.00445641550786651,0,3.46402025792445e-16,0,10.5928996621987,0,8.23397615308641e-13,0,8.72216832105811e-12,0,7.18181259587982e-24,0,0,0,0,0,2.36266458270384e+20,0,18365248847913,0
59,5.89999999999999e-05,1,0,13074003657472.2,0,8.63665458612277e-06,0,8.63665458612277e-06,0,8.63665458612277e-06,0,3063.72356074063,0,2.34337058563511e-10,0,0.00441005677538817,0,3.37314941232074e-16,0,10.4827049550977,0,8.01797615308641e-13,0,8.40500783498139e-12,0,6.73911523873852e-24,0,0,0,0,0,2.3380865030494e+20,0,17883477504713,0
60,5.99999999999999e-05,1,0,13290141158256.7,0,8.5583919124732e-06,0,8.5583919124732e-06,0,8.5583919124732e-06,0,3058.18537254001,0,2.3010932210002e-10,0,0.00436219454723898,0,3.28227856671704e-16,0,10.3689364387871,0,7.80197615308641e-13,0,8.08981948282854e-12,0,6.31165786878021e-24,0,0,0,0,0,2.31271131281012e+20,0,17401706161513,0
61,6.09999999999999e-05,1,0,13401812153265.4,0,8.51871801531798e-06,0,8.51871801531798e-06,0,8.51871801531798e-06,0,3055.35645083185,0,2.27980844373154e-10,0,0.00433795637843365,0,3.23684314391519e-16,0,10.3113223115368,0,7.69397615308641e-13,0,7.93350679717519e-12,0,6.10402121078149e-24,0,0,0,0,0,2.29986092601723e+20,0,17160820489913,0
62,6.19999999999999e-05,1,0,13855824102272.9,0,8.35620148661255e-06,0,8.35620148661255e-06,0,8.35620148661255e-06,0,3039.48525275652,0,2.19365173108537e-10,0,0.00423309483433174,0,3.05510145270779e-16,0,10.0620664212065,0,7.26197615308641e-13,0,7.30704864015734e-12,0,5.3063612974265e-24,0,0,0,0,0,2.24426632181125e+20,0,16197277803513,0
63,6.29999999999999e-05,1,0,13977032409096.5,0,8.31456998334281e-06,0,8.31456998334281e-06,0,8.31456998334281e-06,0,3035.59920962881,0,2.17184815830661e-10,0,0.00420661996405522,0,3.00966602990594e-16,0,9.99913565455926,0,7.15397615308641e-13,0,7.1533578024193e-12,0,5.11749511330023e-24,0,0,0,0,0,2.23023009960001e+20,0,15956392131913,0
64,6.39999999999999e-05,1,0,14100211569895.5,0,8.27251734978253e-06,0,8.27251734978253e-06,0,8.27251734978253e-06,0,3031.45325086325,0,2.14993458490759e-10,0,0.00417962787021274,0,2.96423060710408e-16,0,9.93497544749568,0,7.04597615308641e-13,0,7.00016000845535e-12,0,4.93229604873656e-24,0,0,0,0,0,2.21591966018473e+20,0,15715506460313,0
65,6.49999999999999e-05,1,0,14225389331603.3,0,8.23003277152735e-06,0,8.23003277152735e-06,0,8.23003277152735e-06,0,3027.03305283963,0,2.12790875685543e-10,0,0.0041520997875908,0,2.91879518430223e-16,0,9.86954119510333,0,6.93797615308641e-13,0,6.84746414535308e-12,0,4.75075429495739e-24,0,0,0,0,0,2.20132505478364e+20,0,15474620788713,0
66,6.59999999999999e-05,1,0,14352593725748.3,0,8.18710498287419e-06,0,8.18710498287419e-06,0,8.18710498287419e-06,0,3022.32374362111,0,2.10576833802458e-10,0,0.00412401652847281,0,2.87335976150038e-16,0,9.80278728817988,0,6.82997615308641e-13,0,6.69528034120472e-12,0,4.57286050686564e-24,0,0,0,0,0,2.18643611061588e+20,0,15233735117113,0
67,6.69999999999999e-05,1,0,14740371717501.3,0,8.055542361475e-06,0,8.055542361475e-06,0,8.055542361475e-06,0,3005.02354992086,0,2.03863485094679e-10,0,0.00403451858989032,0,2.73705349309483e-16,0,9.59005068816929,0,6.50597615308641e-13,0,6.23926410841193e-12,0,4.0592503502136e-24,0,0,0,0,0,2.13898685249787e+20,0,14511078102313,0
68,6.79999999999999e-05,1,0,15147361649051.7,0,7.91953602030151e-06,0,7.91953602030151e-06,0,7.91953602030151e-06,0,2984.60143915759,0,1.97037709160687e-10,0,0.0039394458770136,0,2.60074722468928e-16,0,9.36406284966133,0,6.18197615308641e-13,0,5.78884132326087e-12,0,3.57864790143999e-24,0,0,0,0,0,2.0885820078197e+20,0,13788421087513,0
69,6.89999999999999e-05,1,0,15147361649051.7,0,7.91953602030151e-06,0,7.91953602030151e-06,0,7.91953602030151e-06,0,2984.60143915759,0,1.97037709160687e-10,0,0.0039394458770136,0,2.60074722468928e-16,0,9.36406284966133,0,6.18197615308641e-13,0,5.78884132326087e-12,0,3.57864790143999e-24,0,0,0,0,0,2.0885820078197e+20,0,13788421087513,0
70,6.99999999999999e-05,1,0,15432051637636.4,0,7.8262034606204e-06,0,7.8262034606204e-06,0,7.8262034606204e-06,0,2969.44857791586,0,1.92420855479373e-10,0,0.00387325418861325,0,2.50987637908557e-16,0,9.2067252063337,0,5.96597615308641e-13,0,5.49271030290064e-12,0,3.27693786829173e-24,0,0,0,0,0,2.0534890597818e+20,0,13306649744313,0
71,7.09999999999999e-05,1,0,15853404433605,0,7.44162057106442e-06,0,7.44162057106442e-06,0,7.44162057106442e-06,0,2758.08379801105,0,1.73974228031719e-10,0,0.00342077127830013,0,2.15775185237123e-16,0,8.13117332851942,0,5.12897615308641e-13,0,4.17045940985883e-12,0,2.13901868605808e-24,0,0,0,0,0,1.81359550753371e+20,0,11439785789413,0
72,7.19999999999999e-05,1,0,15801885464523.4,0,7.32219139855733e-06,0,7.32219139855733e-06,0,7.32219139855733e-06,0,2661.58865195303,0,1.68434878099105e-10,0,0.00324811256009526,0,2.05552215106706e-16,0,7.72076355534642,0,4.88597615308641e-13,0,3.77234666150413e-12,0,1.84315958292843e-24,0,0,0,0,0,1.72205677249484e+20,0,10897793028313,0
73,7.29999999999999e-05,1,0,15788669335127.8,0,7.19873378819441e-06,0,7.19873378819441e-06,0,7.19873378819441e-06,0,2570.44093585444,0,1.62802886126415e-10,0,0.00308398886041082,0,1.9532924497629e-16,0,7.33064152119652,0,4.64297615308641e-13,0,3.40359937697405e-12,0,1.58028307419503e-24,0,0,0,0,0,1.63504306119654e+20,0,10355800267213,0
74,7.39999999999999e-05,1,0,15806301725148.9,0,7.05639686971983e-06,0,7.05639686971983e-06,0,7.05639686971983e-06,0,2472.55600744507,0,1.56428496079577e-10,0,0.00290789148138682,0,1.83970389275827e-16,0,6.91205805125647,0,4.37297615308641e-13,0,3.02262650268934e-12,0,1.32178736159475e-24,0,0,0,0,0,1.54168124612509e+20,0,9753586088213,0
75,7.49999999999999e-05,1,0,15658558850117.6,0,6.90807365934146e-06,0,6.90807365934146e-06,0,6.90807365934146e-06,0,2347.55394595203,0,1.49921456273379e-10,0,0.00270284785669889,0,1.72611533575364e-16,0,6.42466935537327,0,4.10297615308641e-13,0,2.63602651565615e-12,0,1.08155539326407e-24,0,0,0,0,0,1.43297295599725e+20,0,9151371909213,0
76,7.59999999999999e-05,1,0,15462143723648.9,0,6.80033050336229e-06,0,6.80033050336229e-06,0,6.80033050336229e-06,0,2246.36135557625,0,1.45281365619471e-10,0,0.002546001758938,0,1.6466033458504e-16,0,6.05184618099563,0,3.91397615308641e-13,0,2.3686781634564e-12,0,9.27094984610485e-25,0,0,0,0,0,1.34981762197132e+20,0,8729821983913,0
77,7.69999999999999e-05,1,0,15276477469801,0,6.68906055274245e-06,0,6.68906055274245e-06,0,6.68906055274245e-06,0,2147.35254575675,0,1.40565948531113e-10,0,0.00239396357922467,0,1.56709135594716e-16,0,5.69045142781704,0,3.72497615308641e-13,0,2.1196795868915e-12,0,7.89575591335488e-25,0,0,0,0,0,1.26921130916378e+20,0,8308272058613,0
78,7.79999999999999e-05,1,0,15100964244536.2,0,6.57396020558377e-06,0,6.57396020558377e-06,0,6.57396020558377e-06,0,2050.25884235722,0,1.35770061378633e-10,0,0.00224638828175391,0,1.48757936604392e-16,0,5.33966494572904,0,3.53597615308641e-13,0,1.88809279135693e-12,0,6.67625108505246e-25,0,0,0,0,0,1.19097108941752e+20,0,7886722133313,0
79,7.89999999999999e-05,1,0,14977149590981.2,0,6.48920992603681e-06,0,6.48920992603681e-06,0,6.48920992603681e-06,0,1981.35679143151,0,1.32291981154052e-10,0,0.00214290822886558,0,1.43078508754161e-16,0,5.09369286001349,0,3.40097615308641e-13,0,1.73235279480524e-12,0,5.89169054386521e-25,0,0,0,0,0,1.13610891250785e+20,0,7585615043813,0
80,7.99999999999999e-05,1,0,14839986477850.5,0,6.38449490809479e-06,0,6.38449490809479e-06,0,6.38449490809479e-06,0,1900.36256963504,0,1.28056893614522e-10,0,0.00202214397618353,0,1.36263195333883e-16,0,4.80663623138824,0,3.23897615308641e-13,0,1.55685801300276e-12,0,5.04262597785744e-25,0,0,0,0,0,1.07208314512486e+20,0,7224286536413,0
81,8.09999999999999e-05,1,0,14709896230485.9,0,6.2762274126968e-06,0,6.2762274126968e-06,0,6.2762274126968e-06,0,1820.35807477318,0,1.23750572148873e-10,0,0.00190416491020533,0,1.29447881913606e-16,0,4.52619999155807,0,3.07697615308641e-13,0,1.39270094381241e-12,0,4.28530759249171e-25,0,0,0,0,0,1.00953400440961e+20,0,6862958029013,0
82,8.19999999999999e-05,1,0,14642853506857.4,0,6.22066401529226e-06,0,6.22066401529226e-06,0,6.22066401529226e-06,0,1780.11918499515,0,1.21569145259939e-10,0,0.00184558855362568,0,1.26040225203467e-16,0,4.38696399196823,0,2.99597615308641e-13,0,1.31432395043856e-12,0,3.93768321294424e-25,0,0,0,0,0,9.7847848841693e+19,0,6682293775313,0
83,8.29999999999999e-05,1,0,14507531239066.7,0,6.08700327423807e-06,0,6.08700327423807e-06,0,6.08700327423807e-06,0,1688.69204612845,0,1.16401062200096e-10,0,0.00171318023677814,0,1.18089026213143e-16,0,4.07222942282165,0,2.80697615308641e-13,0,1.14306508797572e-12,0,3.20855644337346e-25,0,0,0,0,0,9.08279369838585e+19,0,6260743850013,0
84,8.39999999999999e-05,1,0,14346274172409.5,0,5.90602509464359e-06,0,5.90602509464359e-06,0,5.90602509464359e-06,0,1572.09785445321,0,1.0958230935504e-10,0,0.0015474760144593,0,1.07866056082727e-16,0,3.67835048636975,0,2.56397615308641e-13,0,9.43120292974584e-13,0,2.4181379406787e-25,0,0,0,0,0,8.20427710453115e+19,0,5718751088913,0
85,8.49999999999999e-05,1,0,14273695824533.9,0,5.82190805653455e-06,0,5.82190805653455e-06,0,5.82190805653455e-06,0,1519.90693041165,0,1.06483068512586e-10,0,0.00147479413384368,0,1.03322513802541e-16,0,3.50558565614643,0,2.45597615308641e-13,0,8.6096347740974e-13,0,2.11450576919667e-25,0,0,0,0,0,7.81893847344592e+19,0,5477865417313,0
86,8.59999999999999e-05,1,0,14206117852204.7,0,5.73528742773898e-06,0,5.73528742773898e-06,0,5.73528742773898e-06,0,1468.03246982478,0,1.03338046685073e-10,0,0.00140326571076616,0,9.87789715223563e-17,0,3.33556259449117,0,2.34797615308641e-13,0,7.8318214289923e-13,0,1.8388929950505e-25,0,0,0,0,0,7.43971514572078e+19,0,5236979745713,0
87,8.69999999999999e-05,1,0,14171375551407.6,0,5.69097826201425e-06,0,5.69097826201425e-06,0,5.69097826201425e-06,0,1441.90196420784,0,1.01747495080999e-10,0,0.00136763978003201,0,9.65072003822637e-17,0,3.25087975713608,0,2.29397615308641e-13,0,7.45744063942151e-13,0,1.71071909898904e-25,0,0,0,0,0,7.25083660730158e+19,0,5116536909913,0
88,8.79999999999998e-05,1,0,14138404262192.7,0,5.64596816848261e-06,0,5.64596816848261e-06,0,5.64596816848261e-06,0,1415.88218917777,0,1.00144412546185e-10,0,0.00133233859444707,0,9.42354292421712e-17,0,3.16696883900069,0,2.23997615308641e-13,0,7.0939346769293e-13,0,1.58902445078744e-25,0,0,0,0,0,7.0636797751755e+19,0,4996094074113,0
89,8.89999999999998e-05,1,0,14035595392946.9,0,5.48248556692735e-06,0,5.48248556692735e-06,0,5.48248556692735e-06,0,1325.3656389097,0,9.44288861144941e-11,0,0.0012110505446068,0,8.62842302518472e-17,0,2.87866714453035,0,2.05097615308641e-13,0,5.90407766610511e-13,0,1.21091224991516e-25,0,0,0,0,0,6.42064507799119e+19,0,4574544148813,0
90,8.99999999999998e-05,1,0,14032050415447.8,0,5.48248556692735e-06,0,5.48248556692735e-06,0,5.48248556692735e-06,0,1325.03089063316,0,9.44288861144941e-11,0,0.00121074466895203,0,8.62842302518472e-17,0,2.87794007809897,0,2.05097615308641e-13,0,5.90258647019263e-13,0,1.21060640918956e-25,0,0,0,0,0,6.41902341238358e+19,0,4574544148813,0
91,9.09999999999998e-05,1,0,13989639229909.5,0,5.40934004264502e-06,0,5.40934004264502e-06,0,5.40934004264502e-06,0,1286.01179997618,0,9.19260160209654e-11,0,0.00115941336445956,0,8.28765735417084e-17,0,2.75592556732038,0,1.96997615308641e-13,0,5.42910764730228e-13,0,1.06952125977245e-25,0,0,0,0,0,6.14687945521833e+19,0,4393879895113,0
92,9.19999999999998e-05,1,0,13921779483507.8,0,5.28283972186101e-06,0,5.28283972186101e-06,0,5.28283972186101e-06,0,1220.61721965901,0,8.76768103607011e-11,0,0.00107472163907297,0,7.7197145691477e-17,0,2.55461333607644,0,1.83497615308641e-13,0,4.68765455205678e-13,0,8.60173431693115e-26,0,0,0,0,0,5.69786804758417e+19,0,4092772805613,0
93,9.29999999999998e-05,1,0,13919459041357,0,5.28283972186101e-06,0,5.28283972186101e-06,0,5.28283972186101e-06,0,1220.41377069261,0,8.76768103607011e-11,0,0.00107454250756219,0,7.7197145691477e-17,0,2.55418754047532,0,1.83497615308641e-13,0,4.68687322728264e-13,0,8.60030060460277e-26,0,0,0,0,0,5.69691834333101e+19,0,4092772805613,0
94,9.39999999999998e-05,1,0,13844333890313.1,0,5.12256183681072e-06,0,5.12256183681072e-06,0,5.12256183681072e-06,0,1141.29090633566,0,8.24374011330531e-11,0,0.000974389585774495,0,7.03818322711994e-17,0,2.31612404538597,0,1.67297615308641e-13,0,3.87482029552076e-13,0,6.48248195190146e-26,0,0,0,0,0,5.16593607575657e+19,0,3731444298213,0
95,9.49999999999998e-05,1,0,13794140795539.8,0,5.00987089343569e-06,0,5.00987089343569e-06,0,5.00987089343569e-06,0,1087.67111509887,0,7.88502257023906e-11,0,0.000908182641873631,0,6.58382899910143e-17,0,2.15875013973362,0,1.56497615308641e-13,0,3.37839248915507e-13,0,5.28710368129392e-26,0,0,0,0,0,4.81492571505858e+19,0,3490558626613,0
96,9.59999999999998e-05,1,0,13747003318096.7,0,4.89186849467025e-06,0,4.89186849467025e-06,0,4.89186849467025e-06,0,1033.49280489211,0,7.51794977405448e-11,0,0.000842619100162667,0,6.12947477108292e-17,0,2.00290560108666,0,1.45697615308641e-13,0,2.91818569766646e-13,0,4.25172697177786e-26,0,0,0,0,0,4.46732648952927e+19,0,3249672955013,0
97,9.69999999999998e-05,1,0,13681356368461.1,0,4.70339242911587e-06,0,4.70339242911587e-06,0,4.70339242911587e-06,0,950.82689940503,0,6.94979995987037e-11,0,0.000745352555281193,0,5.44794342905515e-17,0,1.7717030239034,0,1.29497615308641e-13,0,2.29431316630598e-13,0,2.97108083807841e-26,0,0,0,0,0,3.95164697026593e+19,0,2888344447613,0
98,9.79999999999998e-05,1,0,13679896826309.9,0,4.70339242911587e-06,0,4.70339242911587e-06,0,4.70339242911587e-06,0,950.725464145193,0,6.94979995987037e-11,0,0.000745273040250473,0,5.44794342905515e-17,0,1.77151401667537,0,1.29497615308641e-13,0,2.29406840645293e-13,0,2.97076387990548e-26,0,0,0,0,0,3.95122540421909e+19,0,2888344447613,0
99,9.89999999999998e-05,1,0,13620342806164.9,0,4.49846364161549e-06,0,4.49846364161549e-06,0,4.49846364161549e-06,0,865.897210193097,0,6.3573819140673e-11,0,0.00064920166580761,0,4.76641208702738e-17,0,1.54315235962469,0,1.13297615308641e-13,0,1.74835482403379e-13,0,1.98084432276387e-26,0,0,0,0,0,3.44188233823442e+19,0,2527015940213,0
100,9.99999999999998e-05,1,0,13609393432855.4,0,4.46244160402611e-06,0,4.46244160402611e-06,0,4.46244160402611e-06,0,851.400172447551,0,6.25597442419531e-11,0,0.000633221059937268,0,4.65282353002275e-17,0,1.50516645947089,0,1.10597615308641e-13,0,1.6646782106003e-13,0,1.84109440348649e-26,0,0,0,0,0,3.35715771721703e+19,0,2466794522313,0
101,0.000101,1,0,13600316184739.7,0,4.42582842428875e-06,0,4.42582842428875e-06,0,4.42582842428875e-06,0,836.927860104965,0,6.15373825679175e-11,0,0.000617350308698748,0,4.53923497301813e-17,0,1.46744168377692,0,1.07897615308641e-13,0,1.58333458284027e-13,0,1.70838025724167e-26,0,0,0,0,0,3.27301551417073e+19,0,2406573104413,0
102,0.000102,1,0,13591301953847.4,0,4.38859923613434e-06,0,4.38859923613434e-06,0,4.38859923613434e-06,0,822.361519317299,0,6.05064564167459e-11,0,0.000601502967810018,0,4.4256464160135e-17,0,1.42977255448441,0,1.05197615308641e-13,0,1.50408663165504e-13,0,1.58226326867716e-26,0,0,0,0,0,3.18899742613172e+19,0,2346351686513,0
103,0.000103,1,0,13591754872381.5,0,4.38859923613434e-06,0,4.38859923613434e-06,0,4.38859923613434e-06,0,822.388923812843,0,6.05064564167459e-11,0,0.000601523012382891,0,4.4256464160135e-17,0,1.42982020043413,0,1.05197615308641e-13,0,1.50413675405794e-13,0,1.58231599624974e-26,0,0,0,0,0,3.18910369674835e+19,0,2346351686513,0
104,0.000104,1,0,13592546037229.1,0,4.38859923613434e-06,0,4.38859923613434e-06,0,4.38859923613434e-06,0,822.436794394215,0,6.05064564167459e-11,0,0.000601558026541615,0,4.4256464160135e-17,0,1.42990342908942,0,1.05197615308641e-13,0,1.50422430861855e-13,0,1.58240810155961e-26,0,0,0,0,0,3.18928933184581e+19,0,2346351686513,0
105,0.000105,1,0,13593352408568.8,0,4.38859923613434e-06,0,4.38859923613434e-06,0,4.38859923613434e-06,0,822.485585066537,0,6.05064564167459e-11,0,0.00060159371368591,0,4.4256464160135e-17,0,1.42998825743141,0,1.05197615308641e-13,0,1.50431354601143e-13,0,1.58250197716888e-26,0,0,0,0,0,3.1894785349211e+19,0,2346351686513,0
106,0.000106,1,0,13584895877478.9,0,4.35072745624179e-06,0,4.35072745624179e-06,0,4.35072745624179e-06,0,807.848538868996,0,5.94666713793699e-11,0,0.000585788570323002,0,4.31205785900887e-17,0,1.39241943165778,0,1.02497615308641e-13,0,1.42719671254335e-13,0,1.46284259612025e-26,0,0,0,0,0,3.10568416614605e+19,0,2286130268613,0
107,0.000107,1,0,13558291923792.2,0,4.23296130956785e-06,0,4.23296130956785e-06,0,4.23296130956785e-06,0,763.208943673881,0,5.62909360532793e-11,0,0.000538439387995116,0,3.97129218799499e-17,0,1.27987042526439,0,9.43976153086409e-14,0,1.20816716049015e-13,0,1.14048098844482e-26,0,0,0,0,0,2.85465228658139e+19,0,2105466014913,0
108,0.000108,1,0,13540507738131.4,0,4.15065606147845e-06,0,4.15065606147845e-06,0,4.15065606147845e-06,0,732.855442884986,0,5.41231877753885e-11,0,0.000506972191317582,0,3.74411507398573e-17,0,1.20507289876189,0,8.89976153086409e-14,0,1.0724861426288e-13,0,9.54487091455258e-27,0,0,0,0,0,2.68782217171497e+19,0,1985023179113,0
109,0.000109,1,0,13507350241234.4,0,3.97546981561698e-06,0,3.97546981561698e-06,0,3.97546981561698e-06,0,670.651583777931,0,4.96508620714229e-11,0,0.000444359519563789,0,3.28976084596722e-17,0,1.05624257800313,0,7.81976153086409e-14,0,8.25956507872956e-14,0,6.45878292643178e-27,0,0,0,0,0,2.35586761828517e+19,0,1744137507513,0
110,0.00011,1,0,13490965296894.4,0,3.8817688869939e-06,0,3.8817688869939e-06,0,3.8817688869939e-06,0,638.634310738807,0,4.73379255438319e-11,0,0.000413172108466783,0,3.06258373195797e-17,0,0.982110101825543,0,7.27976153086409e-14,0,7.1495273383426e-14,0,5.20468540815276e-27,0,0,0,0,0,2.19052084688324e+19,0,1623694671713,0
111,0.000111,1,0,13483513689455,0,3.83317256878541e-06,0,3.83317256878541e-06,0,3.83317256878541e-06,0,622.400160857172,0,4.61600866949044e-11,0,0.0003976281681162,0,2.94899517495334e-17,0,0.945162155612208,0,7.00976153086409e-14,0,6.62536131883903e-14,0,4.64422029008728e-27,0,0,0,0,0,2.10811130208843e+19,0,1563473253813,0
112,0.000112,1,0,13476555336147.3,0,3.78331178887885e-06,0,3.78331178887885e-06,0,3.78331178887885e-06,0,606.000578787481,0,4.49670233729567e-11,0,0.000382115141872641,0,2.83540661794871e-17,0,0.908287692231269,0,6.73976153086409e-14,0,6.12164244705762e-14,0,4.12584102703837e-27,0,0,0,0,0,2.02586565508466e+19,0,1503251835913,0
113,0.000113,1,0,13462209241215.5,0,3.67944474122237e-06,0,3.67944474122237e-06,0,3.67944474122237e-06,0,572.572887042192,0,4.25318665594068e-11,0,0.000351125313311447,0,2.60822950393946e-17,0,0.83462486974131,0,6.19976153086409e-14,0,5.17447516012462e-14,0,3.20805120401524e-27,0,0,0,0,0,1.86156641001572e+19,0,1382809000113,0
114,0.000114,1,0,13448132016770.2,0,3.56935710922788e-06,0,3.56935710922788e-06,0,3.56935710922788e-06,0,538.259666383117,0,4.00248648445666e-11,0,0.000320207068786276,0,2.3810523899302e-17,0,0.761132202504979,0,5.65976153086409e-14,0,4.30782675963954e-14,0,2.43812721758347e-27,0,0,0,0,0,1.69764668311851e+19,0,1262366164313,0
115,0.000115,1,0,13441372603828.9,0,3.51167088034755e-06,0,3.51167088034755e-06,0,3.51167088034755e-06,0,520.74020001598,0,3.87415939848019e-11,0,0.000304778262440587,0,2.26746383292557e-17,0,0.724457929821275,0,5.38976153086409e-14,0,3.90465548088015e-14,0,2.10451619021254e-27,0,0,0,0,0,1.61584754602726e+19,0,1202144746413,0
116,0.000116,1,0,13421564394515,0,3.32612253002803e-06,0,3.32612253002803e-06,0,3.32612253002803e-06,0,466.476210263724,0,3.47557256778769e-11,0,0.000258593034488915,0,1.92669816191169e-17,0,0.61467564298015,0,4.57976153086409e-14,0,2.81506786367964e-14,0,1.28923395088518e-27,0,0,0,0,0,1.37098662106885e+19,0,1021480492713,0
117,0.000117,1,0,13415158798211.2,0,3.25943032907212e-06,0,3.25943032907212e-06,0,3.25943032907212e-06,0,447.743299439564,0,3.33759224303232e-11,0,0.000243231532683902,0,1.81310960490706e-17,0,0.578161353189635,0,4.30976153086409e-14,0,2.49173755860901e-14,0,1.07387946751023e-27,0,0,0,0,0,1.2895443134838e+19,0,961259074813,0
118,0.000118,1,0,13396916172706.3,0,3.0409091077366e-06,0,3.0409091077366e-06,0,3.0409091077366e-06,0,389.189926958286,0,2.90507100246837e-11,0,0.000197248682597595,0,1.47234393389318e-17,0,0.468860118534484,0,3.49976153086409e-14,0,1.64089860620336e-14,0,5.74275381803903e-28,0,0,0,0,0,1.04575633832995e+19,0,780594821113,0
119,0.000119,1,0,13391158400996.2,0,2.96060708349179e-06,0,2.96060708349179e-06,0,2.96060708349179e-06,0,368.747910194732,0,2.7536670029032e-11,0,0.000181953084801199,0,1.35875537688855e-17,0,0.432502482572449,0,3.22976153086409e-14,0,1.39687988021571e-14,0,4.51158890035874e-28,0,0,0,0,0,9.64663435028997e+18,0,720373403213,0
120,0.00012,1,0,13392048705452.3,0,2.96060708349179e-06,0,2.96060708349179e-06,0,2.96060708349179e-06,0,368.772426214766,0,2.7536670029032e-11,0,0.000181965181860867,0,1.35875537688855e-17,0,0.432531237283281,0,3.22976153086409e-14,0,1.39697275107459e-14,0,4.51188885108608e-28,0,0,0,0,0,9.64727570194094e+18,0,720373403213,0
121,0.000121,1,0,13387387508053.7,0,2.87569525990369e-06,0,2.87569525990369e-06,0,2.87569525990369e-06,0,347.801483717264,0,2.59797875805143e-11,0,0.00016669530729957,0,1.24516681988392e-17,0,0.396234745451077,0,2.95976153086409e-14,0,1.17276035677782e-14,0,3.47109098891344e-28,0,0,0,0,0,8.83771044159608e+18,0,660151985313,0
122,0.000122,1,0,13376866216921.3,0,2.68894225963382e-06,0,2.68894225963382e-06,0,2.68894225963382e-06,0,303.855575413322,0,2.27150044327239e-11,0,0.000136175121056885,0,1.01798970587467e-17,0,0.323688262752216,0,2.41976153086409e-14,0,7.8324840620004e-15,0,1.89527436243347e-28,0,0,0,0,0,7.21961708908378e+18,0,539709149513,0
123,0.000123,1,0,13377614346236.2,0,2.68894225963382e-06,0,2.68894225963382e-06,0,2.68894225963382e-06,0,303.872569174026,0,2.27150044327239e-11,0,0.000136182736936297,0,1.01798970587467e-17,0,0.323706365697579,0,2.41976153086409e-14,0,7.83292211010823e-15,0,1.89538035962947e-28,0,0,0,0,0,7.22002086132004e+18,0,539709149513,0
124,0.000124,1,0,13378991190425.7,0,2.68894225963382e-06,0,2.68894225963382e-06,0,2.68894225963382e-06,0,303.903844195893,0,2.27150044327239e-11,0,0.000136196753068412,0,1.01798970587467e-17,0,0.323739682043616,0,2.41976153086409e-14,0,7.83372828623312e-15,0,1.89557543502688e-28,0,0,0,0,0,7.22076395672656e+18,0,539709149513,0
125,0.000125,1,0,13353409968580.9,0,2.04842284357904e-06,0,2.04842284357904e-06,0,2.04842284357904e-06,0,176.027806027544,0,1.31822363307738e-11,0,6.00966103922796e-05,0,4.5004692085153e-18,0,0.142849642902449,0,1.06976153086409e-14,0,1.52815052674712e-15,0,1.63475664688376e-29,0,0,0,0,0,3.18615112670153e+18,0,238602060013,0
126,0.000126,1,0,13348245449584.9,0,1.85913440304927e-06,0,1.85913440304927e-06,0,1.85913440304927e-06,0,144.942461215129,0,1.08585403049834e-11,0,4.49112882419421e-05,0,3.36458363846903e-18,0,0.106754132151096,0,7.99761530864088e-15,0,8.5377848155228e-16,0,6.82819185425068e-30,0,0,0,0,0,2.38106859437889e+18,0,178380642113,0
127,0.000127,1,0,13349333094135,0,1.85913440304927e-06,0,1.85913440304927e-06,0,1.85913440304927e-06,0,144.954271447313,0,1.08585403049834e-11,0,4.49149477129996e-05,0,3.36458363846903e-18,0,0.1067628307138,0,7.99761530864088e-15,0,8.53848049310523e-16,0,6.82874823041899e-30,0,0,0,0,0,2.38126260911212e+18,0,178380642113,0
128,0.000128,1,0,13350711779817,0,1.85913440304927e-06,0,1.85913440304927e-06,0,1.85913440304927e-06,0,144.969241961359,0,1.08585403049834e-11,0,4.49195864162879e-05,0,3.36458363846903e-18,0,0.106773856911516,0,7.99761530864088e-15,0,8.53936232598174e-16,0,6.82945348643028e-30,0,0,0,0,0,2.38150853994934e+18,0,178380642113,0
129,0.000129,1,0,13342493033803,0,1.27795499307783e-06,0,1.27795499307783e-06,0,1.27795499307783e-06,0,68.4570177536008,0,5.13075162041803e-12,0,1.45808431468409e-05,0,1.09281249837648e-18,0,0.0346586641600409,0,2.59761530864088e-15,0,9.00298765991652e-17,0,2.33862985689041e-31,0,0,0,0,0,7.73034777125027e+17,0,57937806313,0
130,0.00013,1,0,13343257260002.1,0,1.27795499307783e-06,0,1.27795499307783e-06,0,1.27795499307783e-06,0,68.4609388084102,0,5.13075162041803e-12,0,1.45816783027829e-05,0,1.09281249837648e-18,0,0.0346606493257149,0,2.59761530864088e-15,0,9.00350332959104e-17,0,2.33876380803448e-31,0,0,0,0,0,7.7307905471453e+17,0,57937806313,0
131,0.000131,1,0,13344633240469.3,0,1.27795499307783e-06,0,1.27795499307783e-06,0,1.27795499307783e-06,0,68.4679986224224,0,5.13075162041803e-12,0,1.45831819914351e-05,0,1.09281249837648e-18,0,0.0346642235936411,0,2.59761530864088e-15,0,9.00443178689927e-17,0,2.33900498552621e-31,0,0,0,0,0,7.73158776004334e+17,0,57937806313,0
132,0.000132,1,0,13345938892642.6,0,1.27795499307783e-06,0,1.27795499307783e-06,0,1.27795499307783e-06,0,68.474697599426,0,5.13075162041803e-12,0,1.45846088244485e-05,0,1.09281249837648e-18,0,0.0346676151757141,0,2.59761530864088e-15,0,9.00531278945059e-17,0,2.33923383609764e-31,0,0,0,0,0,7.7323442262706e+17,0,57937806313,0
133,0.000133,1,0,13347120311381.1,0,1.27795499307783e-06,0,1.27795499307783e-06,0,1.27795499307783e-06,0,68.4807591655328,0,5.13075162041803e-12,0,1.45858998936117e-05,0,1.09281249837648e-18,0,0.0346706840471151,0,2.59761530864088e-15,0,9.00610996418373e-17,0,2.33944091142668e-31,0,0,0,0,0,7.73302871437104e+17,0,57937806313,0
134,0.000134,1,0,13348384619094,0,1.27795499307783e-06,0,1.27795499307783e-06,0,1.27795499307783e-06,0,68.4872460143794,0,5.13075162041803e-12,0,1.45872815448822e-05,0,1.09281249837648e-18,0,0.0346739682321849,0,2.59761530864088e-15,0,9.00696306912512e-17,0,2.33966251527225e-31,0,0,0,0,0,7.73376122652494e+17,0,57937806313,0
135,0.000135,1,0,13349522812603.6,0,1.27795499307783e-06,0,1.27795499307783e-06,0,1.27795499307783e-06,0,68.4930858025734,0,5.13075162041803e-12,0,1.45885253769751e-05,0,1.09281249837648e-18,0,0.0346769248210698,0,2.59761530864088e-15,0,9.00773107717998e-17,0,2.33986201422029e-31,0,0,0,0,0,7.73442067087602e+17,0,57937806313,0
136,0.000136,1,0,13350699465406.5,0,1.27795499307783e-06,0,1.27795499307783e-06,0,1.27795499307783e-06,0,68.4991229158488,0,5.13075162041803e-12,0,1.45898112378644e-05,0,1.09281249837648e-18,0,0.0346799813124037,0,2.59761530864088e-15,0,9.00852503604795e-17,0,2.34006825419128e-31,0,0,0,0,0,7.73510239769797e+17,0,57937806313,0
137,0.000137,1,0,13351779541803.8,0,1.27795499307783e-06,0,1.27795499307783e-06,0,1.27795499307783e-06,0,68.5046645195742,0,5.13075162041803e-12,0,1.45909915588505e-05,0,1.09281249837648e-18,0,0.0346827869353877,0,2.59761530864088e-15,0,9.0092538289693e-17,0,2.34025756655621e-31,0,0,0,0,0,7.73572817026904e+17,0,57937806313,0
138,0.000138,1,0,13352871203319.1,0,1.27795499307783e-06,0,1.27795499307783e-06,0,1.27795499307783e-06,0,68.5102655636628,0,5.13075162041803e-12,0,1.45921845401984e-05,0,1.09281249837648e-18,0,0.0346856226520517,0,2.59761530864088e-15,0,9.00999043907104e-17,0,2.34044890952389e-31,0,0,0,0,0,7.73636065500337e+17,0,57937806313,0
139,0.000139,1,0,13353896475077.8,0,1.27795499307783e-06,0,1.27795499307783e-06,0,1.27795499307783e-06,0,68.5155259783998,0,5.13075162041803e-12,0,1.45933049699905e-05,0,1.09281249837648e-18,0,0.0346882859136675,0,2.59761530864088e-15,0,9.01068225198545e-17,0,2.34062861590561e-31,0,0,0,0,0,7.73695467496908e+17,0,57937806313,0
140,0.00014,1,0,13354897149547.7,0,1.27795499307783e-06,0,1.27795499307783e-06,0,1.27795499307783e-06,0,68.5206601905579,0,5.13075162041803e-12,0,1.45943985195581e-05,0,1.09281249837648e-18,0,0.0346908852809895,0,2.59761530864088e-15,0,9.0113574676203e-17,0,2.34080401095258e-31,0,0,0,0,0,7.73753444380529e+17,0,57937806313,0
141,0.000141,1,0,13355898668776,0,1.27795499307783e-06,0,1.27795499307783e-06,0,1.27795499307783e-06,0,68.5257987369614,0,5.13075162041803e-12,0,1.45954929922881e-05,0,1.09281249837648e-18,0,0.0346934868426689,0,2.59761530864088e-15,0,9.01203325326476e-17,0,2.34097955406612e-31,0,0,0,0,0,7.73811470207598e+17,0,57937806313,0
142,0.000142,1,0,13356876517861.4,0,1.27795499307783e-06,0,1.27795499307783e-06,0,1.27795499307783e-06,0,68.530815837741,0,5.13075162041803e-12,0,1.45965615979902e-05,0,1.09281249837648e-18,0,0.0346960269184227,0,2.59761530864088e-15,0,9.01269306723109e-17,0,2.3411509483521e-31,0,0,0,0,0,7.73868124638512e+17,0,57937806313,0
143,0.000143,1,0,13357813731783.5,0,1.27795499307783e-06,0,1.27795499307783e-06,0,1.27795499307783e-06,0,68.5356244495903,0,5.13075162041803e-12,0,1.45975857970779e-05,0,1.09281249837648e-18,0,0.0346984614396541,0,2.59761530864088e-15,0,9.01332546219309e-17,0,2.34131522023554e-31,0,0,0,0,0,7.73922424757202e+17,0,57937806313,0
144,0.000144,1,0,13358705985089.9,0,1.27795499307783e-06,0,1.27795499307783e-06,0,1.27795499307783e-06,0,68.5402023796882,0,5.13075162041803e-12,0,1.45985608626429e-05,0,1.09281249837648e-18,0,0.0347007791705022,0,2.59761530864088e-15,0,9.0139275195063e-17,0,2.34147161156489e-31,0,0,0,0,0,7.73974119956454e+17,0,57937806313,0
145,0.000145,1,0,13359580779667.7,0,1.27795499307783e-06,0,1.27795499307783e-06,0,1.27795499307783e-06,0,68.5446907333857,0,5.13075162041803e-12,0,1.4599516849091e-05,0,1.09281249837648e-18,0,0.0347030515502893,0,2.59761530864088e-15,0,9.01451779635852e-17,0,2.34162494278366e-31,0,0,0,0,0,7.74024803635265e+17,0,57937806313,0
146,0.000146,0,0,0,0,0,0,0,0,0,0,0,0,0,0,0,0,0,0,0,0,0,0,0,0,0,0,0,0,0,0,0,0,0,0
147,0.000147,0,0,0,0,0,0,0,0,0,0,0,0,0,0,0,0,0,0,0,0,0,0,0,0,0,0,0,0,0,0,0,0,0,0
148,0.000148,0,0,0,0,0,0,0,0,0,0,0,0,0,0,0,0,0,0,0,0,0,0,0,0,0,0,0,0,0,0,0,0,0,0
149,0.000149,0,0,0,0,0,0,0,0,0,0,0,0,0,0,0,0,0,0,0,0,0,0,0,0,0,0,0,0,0,0,0,0,0,0
150,0.00015,0,0,0,0,0,0,0,0,0,0,0,0,0,0,0,0,0,0,0,0,0,0,0,0,0,0,0,0,0,0,0,0,0,0
151,0.000151,0,0,0,0,0,0,0,0,0,0,0,0,0,0,0,0,0,0,0,0,0,0,0,0,0,0,0,0,0,0,0,0,0,0
152,0.000152,0,0,0,0,0,0,0,0,0,0,0,0,0,0,0,0,0,0,0,0,0,0,0,0,0,0,0,0,0,0,0,0,0,0
153,0.000153,0,0,0,0,0,0,0,0,0,0,0,0,0,0,0,0,0,0,0,0,0,0,0,0,0,0,0,0,0,0,0,0,0,0
154,0.000154,0,0,0,0,0,0,0,0,0,0,0,0,0,0,0,0,0,0,0,0,0,0,0,0,0,0,0,0,0,0,0,0,0,0
155,0.000155,0,0,0,0,0,0,0,0,0,0,0,0,0,0,0,0,0,0,0,0,0,0,0,0,0,0,0,0,0,0,0,0,0,0
156,0.000156,0,0,0,0,0,0,0,0,0,0,0,0,0,0,0,0,0,0,0,0,0,0,0,0,0,0,0,0,0,0,0,0,0,0
157,0.000157,0,0,0,0,0,0,0,0,0,0,0,0,0,0,0,0,0,0,0,0,0,0,0,0,0,0,0,0,0,0,0,0,0,0
158,0.000158,0,0,0,0,0,0,0,0,0,0,0,0,0,0,0,0,0,0,0,0,0,0,0,0,0,0,0,0,0,0,0,0,0,0
159,0.000159,0,0,0,0,0,0,0,0,0,0,0,0,0,0,0,0,0,0,0,0,0,0,0,0,0,0,0,0,0,0,0,0,0,0
160,0.00016,0,0,0,0,0,0,0,0,0,0,0,0,0,0,0,0,0,0,0,0,0,0,0,0,0,0,0,0,0,0,0,0,0,0
161,0.000161,0,0,0,0,0,0,0,0,0,0,0,0,0,0,0,0,0,0,0,0,0,0,0,0,0,0,0,0,0,0,0,0,0,0
162,0.000162,0,0,0,0,0,0,0,0,0,0,0,0,0,0,0,0,0,0,0,0,0,0,0,0,0,0,0,0,0,0,0,0,0,0
163,0.000163,0,0,0,0,0,0,0,0,0,0,0,0,0,0,0,0,0,0,0,0,0,0,0,0,0,0,0,0,0,0,0,0,0,0
164,0.000164,0,0,0,0,0,0,0,0,0,0,0,0,0,0,0,0,0,0,0,0,0,0,0,0,0,0,0,0,0,0,0,0,0,0
165,0.000165,0,0,0,0,0,0,0,0,0,0,0,0,0,0,0,0,0,0,0,0,0,0,0,0,0,0,0,0,0,0,0,0,0,0
166,0.000166,0,0,0,0,0,0,0,0,0,0,0,0,0,0,0,0,0,0,0,0,0,0,0,0,0,0,0,0,0,0,0,0,0,0
167,0.000167,0,0,0,0,0,0,0,0,0,0,0,0,0,0,0,0,0,0,0,0,0,0,0,0,0,0,0,0,0,0,0,0,0,0
168,0.000168,0,0,0,0,0,0,0,0,0,0,0,0,0,0,0,0,0,0,0,0,0,0,0,0,0,0,0,0,0,0,0,0,0,0
169,0.000169,0,0,0,0,0,0,0,0,0,0,0,0,0,0,0,0,0,0,0,0,0,0,0,0,0,0,0,0,0,0,0,0,0,0
170,0.00017,0,0,0,0,0,0,0,0,0,0,0,0,0,0,0,0,0,0,0,0,0,0,0,0,0,0,0,0,0,0,0,0,0,0
171,0.000171,0,0,0,0,0,0,0,0,0,0,0,0,0,0,0,0,0,0,0,0,0,0,0,0,0,0,0,0,0,0,0,0,0,0
172,0.000172,0,0,0,0,0,0,0,0,0,0,0,0,0,0,0,0,0,0,0,0,0,0,0,0,0,0,0,0,0,0,0,0,0,0
173,0.000173,0,0,0,0,0,0,0,0,0,0,0,0,0,0,0,0,0,0,0,0,0,0,0,0,0,0,0,0,0,0,0,0,0,0
174,0.000174,0,0,0,0,0,0,0,0,0,0,0,0,0,0,0,0,0,0,0,0,0,0,0,0,0,0,0,0,0,0,0,0,0,0
175,0.000175,0,0,0,0,0,0,0,0,0,0,0,0,0,0,0,0,0,0,0,0,0,0,0,0,0,0,0,0,0,0,0,0,0,0
176,0.000176,0,0,0,0,0,0,0,0,0,0,0,0,0,0,0,0,0,0,0,0,0,0,0,0,0,0,0,0,0,0,0,0,0,0
177,0.000177,0,0,0,0,0,0,0,0,0,0,0,0,0,0,0,0,0,0,0,0,0,0,0,0,0,0,0,0,0,0,0,0,0,0
178,0.000178,0,0,0,0,0,0,0,0,0,0,0,0,0,0,0,0,0,0,0,0,0,0,0,0,0,0,0,0,0,0,0,0,0,0
179,0.000179,0,0,0,0,0,0,0,0,0,0,0,0,0,0,0,0,0,0,0,0,0,0,0,0,0,0,0,0,0,0,0,0,0,0
180,0.00018,0,0,0,0,0,0,0,0,0,0,0,0,0,0,0,0,0,0,0,0,0,0,0,0,0,0,0,0,0,0,0,0,0,0
181,0.000181,0,0,0,0,0,0,0,0,0,0,0,0,0,0,0,0,0,0,0,0,0,0,0,0,0,0,0,0,0,0,0,0,0,0
182,0.000182,0,0,0,0,0,0,0,0,0,0,0,0,0,0,0,0,0,0,0,0,0,0,0,0,0,0,0,0,0,0,0,0,0,0
183,0.000183,0,0,0,0,0,0,0,0,0,0,0,0,0,0,0,0,0,0,0,0,0,0,0,0,0,0,0,0,0,0,0,0,0,0
184,0.000184,0,0,0,0,0,0,0,0,0,0,0,0,0,0,0,0,0,0,0,0,0,0,0,0,0,0,0,0,0,0,0,0,0,0
185,0.000185,0,0,0,0,0,0,0,0,0,0,0,0,0,0,0,0,0,0,0,0,0,0,0,0,0,0,0,0,0,0,0,0,0,0
186,0.000186,0,0,0,0,0,0,0,0,0,0,0,0,0,0,0,0,0,0,0,0,0,0,0,0,0,0,0,0,0,0,0,0,0,0
187,0.000187,0,0,0,0,0,0,0,0,0,0,0,0,0,0,0,0,0,0,0,0,0,0,0,0,0,0,0,0,0,0,0,0,0,0
188,0.000188,0,0,0,0,0,0,0,0,0,0,0,0,0,0,0,0,0,0,0,0,0,0,0,0,0,0,0,0,0,0,0,0,0,0
189,0.000189,0,0,0,0,0,0,0,0,0,0,0,0,0,0,0,0,0,0,0,0,0,0,0,0,0,0,0,0,0,0,0,0,0,0
190,0.00019,0,0,0,0,0,0,0,0,0,0,0,0,0,0,0,0,0,0,0,0,0,0,0,0,0,0,0,0,0,0,0,0,0,0
191,0.000191,0,0,0,0,0,0,0,0,0,0,0,0,0,0,0,0,0,0,0,0,0,0,0,0,0,0,0,0,0,0,0,0,0,0
192,0.000192,0,0,0,0,0,0,0,0,0,0,0,0,0,0,0,0,0,0,0,0,0,0,0,0,0,0,0,0,0,0,0,0,0,0
193,0.000193,0,0,0,0,0,0,0,0,0,0,0,0,0,0,0,0,0,0,0,0,0,0,0,0,0,0,0,0,0,0,0,0,0,0
194,0.000194,0,0,0,0,0,0,0,0,0,0,0,0,0,0,0,0,0,0,0,0,0,0,0,0,0,0,0,0,0,0,0,0,0,0
195,0.000195,0,0,0,0,0,0,0,0,0,0,0,0,0,0,0,0,0,0,0,0,0,0,0,0,0,0,0,0,0,0,0,0,0,0
196,0.000196,0,0,0,0,0,0,0,0,0,0,0,0,0,0,0,0,0,0,0,0,0,0,0,0,0,0,0,0,0,0,0,0,0,0
197,0.000197,0,0,0,0,0,0,0,0,0,0,0,0,0,0,0,0,0,0,0,0,0,0,0,0,0,0,0,0,0,0,0,0,0,0
198,0.000198,0,0,0,0,0,0,0,0,0,0,0,0,0,0,0,0,0,0,0,0,0,0,0,0,0,0,0,0,0,0,0,0,0,0
199,0.000199,0,0,0,0,0,0,0,0,0,0,0,0,0,0,0,0,0,0,0,0,0,0,0,0,0,0,0,0,0,0,0,0,0,0
200,0.0002,0,0,0,0,0,0,0,0,0,0,0,0,0,0,0,0,0,0,0,0,0,0,0,0,0,0,0,0,0,0,0,0,0,0
201,0.000201,0,0,0,0,0,0,0,0,0,0,0,0,0,0,0,0,0,0,0,0,0,0,0,0,0,0,0,0,0,0,0,0,0,0
202,0.000202,0,0,0,0,0,0,0,0,0,0,0,0,0,0,0,0,0,0,0,0,0,0,0,0,0,0,0,0,0,0,0,0,0,0
203,0.000203,0,0,0,0,0,0,0,0,0,0,0,0,0,0,0,0,0,0,0,0,0,0,0,0,0,0,0,0,0,0,0,0,0,0
204,0.000204,0,0,0,0,0,0,0,0,0,0,0,0,0,0,0,0,0,0,0,0,0,0,0,0,0,0,0,0,0,0,0,0,0,0
205,0.000205,0,0,0,0,0,0,0,0,0,0,0,0,0,0,0,0,0,0,0,0,0,0,0,0,0,0,0,0,0,0,0,0,0,0
206,0.000206,0,0,0,0,0,0,0,0,0,0,0,0,0,0,0,0,0,0,0,0,0,0,0,0,0,0,0,0,0,0,0,0,0,0
207,0.000207,0,0,0,0,0,0,0,0,0,0,0,0,0,0,0,0,0,0,0,0,0,0,0,0,0,0,0,0,0,0,0,0,0,0
208,0.000208,0,0,0,0,0,0,0,0,0,0,0,0,0,0,0,0,0,0,0,0,0,0,0,0,0,0,0,0,0,0,0,0,0,0
209,0.000209,0,0,0,0,0,0,0,0,0,0,0,0,0,0,0,0,0,0,0,0,0,0,0,0,0,0,0,0,0,0,0,0,0,0
210,0.00021,0,0,0,0,0,0,0,0,0,0,0,0,0,0,0,0,0,0,0,0,0,0,0,0,0,0,0,0,0,0,0,0,0,0
211,0.000211,0,0,0,0,0,0,0,0,0,0,0,0,0,0,0,0,0,0,0,0,0,0,0,0,0,0,0,0,0,0,0,0,0,0
212,0.000212,0,0,0,0,0,0,0,0,0,0,0,0,0,0,0,0,0,0,0,0,0,0,0,0,0,0,0,0,0,0,0,0,0,0
213,0.000213,0,0,0,0,0,0,0,0,0,0,0,0,0,0,0,0,0,0,0,0,0,0,0,0,0,0,0,0,0,0,0,0,0,0
214,0.000214,0,0,0,0,0,0,0,0,0,0,0,0,0,0,0,0,0,0,0,0,0,0,0,0,0,0,0,0,0,0,0,0,0,0
215,0.000215,0,0,0,0,0,0,0,0,0,0,0,0,0,0,0,0,0,0,0,0,0,0,0,0,0,0,0,0,0,0,0,0,0,0
216,0.000216,0,0,0,0,0,0,0,0,0,0,0,0,0,0,0,0,0,0,0,0,0,0,0,0,0,0,0,0,0,0,0,0,0,0
217,0.000217,0,0,0,0,0,0,0,0,0,0,0,0,0,0,0,0,0,0,0,0,0,0,0,0,0,0,0,0,0,0,0,0,0,0
218,0.000218,0,0,0,0,0,0,0,0,0,0,0,0,0,0,0,0,0,0,0,0,0,0,0,0,0,0,0,0,0,0,0,0,0,0
219,0.000219,0,0,0,0,0,0,0,0,0,0,0,0,0,0,0,0,0,0,0,0,0,0,0,0,0,0,0,0,0,0,0,0,0,0
220,0.000219999999999999,0,0,0,0,0,0,0,0,0,0,0,0,0,0,0,0,0,0,0,0,0,0,0,0,0,0,0,0,0,0,0,0,0,0
221,0.000220999999999999,0,0,0,0,0,0,0,0,0,0,0,0,0,0,0,0,0,0,0,0,0,0,0,0,0,0,0,0,0,0,0,0,0,0
222,0.000221999999999999,0,0,0,0,0,0,0,0,0,0,0,0,0,0,0,0,0,0,0,0,0,0,0,0,0,0,0,0,0,0,0,0,0,0
223,0.000222999999999999,0,0,0,0,0,0,0,0,0,0,0,0,0,0,0,0,0,0,0,0,0,0,0,0,0,0,0,0,0,0,0,0,0,0
224,0.000223999999999999,0,0,0,0,0,0,0,0,0,0,0,0,0,0,0,0,0,0,0,0,0,0,0,0,0,0,0,0,0,0,0,0,0,0
225,0.000224999999999999,0,0,0,0,0,0,0,0,0,0,0,0,0,0,0,0,0,0,0,0,0,0,0,0,0,0,0,0,0,0,0,0,0,0
226,0.000225999999999999,0,0,0,0,0,0,0,0,0,0,0,0,0,0,0,0,0,0,0,0,0,0,0,0,0,0,0,0,0,0,0,0,0,0
227,0.000226999999999999,0,0,0,0,0,0,0,0,0,0,0,0,0,0,0,0,0,0,0,0,0,0,0,0,0,0,0,0,0,0,0,0,0,0
228,0.000227999999999999,0,0,0,0,0,0,0,0,0,0,0,0,0,0,0,0,0,0,0,0,0,0,0,0,0,0,0,0,0,0,0,0,0,0
229,0.000228999999999999,0,0,0,0,0,0,0,0,0,0,0,0,0,0,0,0,0,0,0,0,0,0,0,0,0,0,0,0,0,0,0,0,0,0
230,0.000229999999999999,0,0,0,0,0,0,0,0,0,0,0,0,0,0,0,0,0,0,0,0,0,0,0,0,0,0,0,0,0,0,0,0,0,0
231,0.000230999999999999,0,0,0,0,0,0,0,0,0,0,0,0,0,0,0,0,0,0,0,0,0,0,0,0,0,0,0,0,0,0,0,0,0,0
232,0.000231999999999999,0,0,0,0,0,0,0,0,0,0,0,0,0,0,0,0,0,0,0,0,0,0,0,0,0,0,0,0,0,0,0,0,0,0
233,0.000232999999999999,0,0,0,0,0,0,0,0,0,0,0,0,0,0,0,0,0,0,0,0,0,0,0,0,0,0,0,0,0,0,0,0,0,0
234,0.000233999999999999,0,0,0,0,0,0,0,0,0,0,0,0,0,0,0,0,0,0,0,0,0,0,0,0,0,0,0,0,0,0,0,0,0,0
235,0.000234999999999999,0,0,0,0,0,0,0,0,0,0,0,0,0,0,0,0,0,0,0,0,0,0,0,0,0,0,0,0,0,0,0,0,0,0
236,0.000235999999999999,0,0,0,0,0,0,0,0,0,0,0,0,0,0,0,0,0,0,0,0,0,0,0,0,0,0,0,0,0,0,0,0,0,0
237,0.000236999999999999,0,0,0,0,0,0,0,0,0,0,0,0,0,0,0,0,0,0,0,0,0,0,0,0,0,0,0,0,0,0,0,0,0,0
238,0.000237999999999999,0,0,0,0,0,0,0,0,0,0,0,0,0,0,0,0,0,0,0,0,0,0,0,0,0,0,0,0,0,0,0,0,0,0
239,0.000238999999999999,0,0,0,0,0,0,0,0,0,0,0,0,0,0,0,0,0,0,0,0,0,0,0,0,0,0,0,0,0,0,0,0,0,0
240,0.000239999999999999,0,0,0,0,0,0,0,0,0,0,0,0,0,0,0,0,0,0,0,0,0,0,0,0,0,0,0,0,0,0,0,0,0,0
241,0.000240999999999999,0,0,0,0,0,0,0,0,0,0,0,0,0,0,0,0,0,0,0,0,0,0,0,0,0,0,0,0,0,0,0,0,0,0
242,0.000241999999999999,0,0,0,0,0,0,0,0,0,0,0,0,0,0,0,0,0,0,0,0,0,0,0,0,0,0,0,0,0,0,0,0,0,0
243,0.000242999999999999,0,0,0,0,0,0,0,0,0,0,0,0,0,0,0,0,0,0,0,0,0,0,0,0,0,0,0,0,0,0,0,0,0,0
244,0.000243999999999999,0,0,0,0,0,0,0,0,0,0,0,0,0,0,0,0,0,0,0,0,0,0,0,0,0,0,0,0,0,0,0,0,0,0
245,0.000244999999999999,0,0,0,0,0,0,0,0,0,0,0,0,0,0,0,0,0,0,0,0,0,0,0,0,0,0,0,0,0,0,0,0,0,0
246,0.000245999999999999,0,0,0,0,0,0,0,0,0,0,0,0,0,0,0,0,0,0,0,0,0,0,0,0,0,0,0,0,0,0,0,0,0,0
247,0.000247,0,0,0,0,0,0,0,0,0,0,0,0,0,0,0,0,0,0,0,0,0,0,0,0,0,0,0,0,0,0,0,0,0,0
248,0.000248,0,0,0,0,0,0,0,0,0,0,0,0,0,0,0,0,0,0,0,0,0,0,0,0,0,0,0,0,0,0,0,0,0,0
249,0.000249,0,0,0,0,0,0,0,0,0,0,0,0,0,0,0,0,0,0,0,0,0,0,0,0,0,0,0,0,0,0,0,0,0,0
250,0.00025,0,0,0,0,0,0,0,0,0,0,0,0,0,0,0,0,0,0,0,0,0,0,0,0,0,0,0,0,0,0,0,0,0,0
251,0.000251,0,0,0,0,0,0,0,0,0,0,0,0,0,0,0,0,0,0,0,0,0,0,0,0,0,0,0,0,0,0,0,0,0,0
252,0.000252,0,0,0,0,0,0,0,0,0,0,0,0,0,0,0,0,0,0,0,0,0,0,0,0,0,0,0,0,0,0,0,0,0,0
253,0.000253,0,0,0,0,0,0,0,0,0,0,0,0,0,0,0,0,0,0,0,0,0,0,0,0,0,0,0,0,0,0,0,0,0,0
254,0.000254,0,0,0,0,0,0,0,0,0,0,0,0,0,0,0,0,0,0,0,0,0,0,0,0,0,0,0,0,0,0,0,0,0,0
255,0.000255,0,0,0,0,0,0,0,0,0,0,0,0,0,0,0,0,0,0,0,0,0,0,0,0,0,0,0,0,0,0,0,0,0,0
256,0.000256,0,0,0,0,0,0,0,0,0,0,0,0,0,0,0,0,0,0,0,0,0,0,0,0,0,0,0,0,0,0,0,0,0,0
257,0.000257,0,0,0,0,0,0,0,0,0,0,0,0,0,0,0,0,0,0,0,0,0,0,0,0,0,0,0,0,0,0,0,0,0,0
258,0.000258,0,0,0,0,0,0,0,0,0,0,0,0,0,0,0,0,0,0,0,0,0,0,0,0,0,0,0,0,0,0,0,0,0,0
259,0.000259,0,0,0,0,0,0,0,0,0,0,0,0,0,0,0,0,0,0,0,0,0,0,0,0,0,0,0,0,0,0,0,0,0,0
260,0.00026,0,0,0,0,0,0,0,0,0,0,0,0,0,0,0,0,0,0,0,0,0,0,0,0,0,0,0,0,0,0,0,0,0,0
261,0.000261,0,0,0,0,0,0,0,0,0,0,0,0,0,0,0,0,0,0,0,0,0,0,0,0,0,0,0,0,0,0,0,0,0,0
262,0.000262,0,0,0,0,0,0,0,0,0,0,0,0,0,0,0,0,0,0,0,0,0,0,0,0,0,0,0,0,0,0,0,0,0,0
263,0.000263,0,0,0,0,0,0,0,0,0,0,0,0,0,0,0,0,0,0,0,0,0,0,0,0,0,0,0,0,0,0,0,0,0,0
264,0.000264,0,0,0,0,0,0,0,0,0,0,0,0,0,0,0,0,0,0,0,0,0,0,0,0,0,0,0,0,0,0,0,0,0,0
265,0.000265,0,0,0,0,0,0,0,0,0,0,0,0,0,0,0,0,0,0,0,0,0,0,0,0,0,0,0,0,0,0,0,0,0,0
266,0.000266,0,0,0,0,0,0,0,0,0,0,0,0,0,0,0,0,0,0,0,0,0,0,0,0,0,0,0,0,0,0,0,0,0,0
267,0.000267,0,0,0,0,0,0,0,0,0,0,0,0,0,0,0,0,0,0,0,0,0,0,0,0,0,0,0,0,0,0,0,0,0,0
268,0.000268,0,0,0,0,0,0,0,0,0,0,0,0,0,0,0,0,0,0,0,0,0,0,0,0,0,0,0,0,0,0,0,0,0,0
269,0.000269,0,0,0,0,0,0,0,0,0,0,0,0,0,0,0,0,0,0,0,0,0,0,0,0,0,0,0,0,0,0,0,0,0,0
270,0.00027,0,0,0,0,0,0,0,0,0,0,0,0,0,0,0,0,0,0,0,0,0,0,0,0,0,0,0,0,0,0,0,0,0,0
271,0.000271,0,0,0,0,0,0,0,0,0,0,0,0,0,0,0,0,0,0,0,0,0,0,0,0,0,0,0,0,0,0,0,0,0,0
272,0.000272,0,0,0,0,0,0,0,0,0,0,0,0,0,0,0,0,0,0,0,0,0,0,0,0,0,0,0,0,0,0,0,0,0,0
273,0.000273,0,0,0,0,0,0,0,0,0,0,0,0,0,0,0,0,0,0,0,0,0,0,0,0,0,0,0,0,0,0,0,0,0,0
274,0.000274,0,0,0,0,0,0,0,0,0,0,0,0,0,0,0,0,0,0,0,0,0,0,0,0,0,0,0,0,0,0,0,0,0,0
275,0.000275,0,0,0,0,0,0,0,0,0,0,0,0,0,0,0,0,0,0,0,0,0,0,0,0,0,0,0,0,0,0,0,0,0,0
276,0.000276,0,0,0,0,0,0,0,0,0,0,0,0,0,0,0,0,0,0,0,0,0,0,0,0,0,0,0,0,0,0,0,0,0,0
277,0.000277,0,0,0,0,0,0,0,0,0,0,0,0,0,0,0,0,0,0,0,0,0,0,0,0,0,0,0,0,0,0,0,0,0,0
278,0.000278,0,0,0,0,0,0,0,0,0,0,0,0,0,0,0,0,0,0,0,0,0,0,0,0,0,0,0,0,0,0,0,0,0,0
279,0.000279,0,0,0,0,0,0,0,0,0,0,0,0,0,0,0,0,0,0,0,0,0,0,0,0,0,0,0,0,0,0,0,0,0,0
280,0.00028,0,0,0,0,0,0,0,0,0,0,0,0,0,0,0,0,0,0,0,0,0,0,0,0,0,0,0,0,0,0,0,0,0,0
281,0.000281,0,0,0,0,0,0,0,0,0,0,0,0,0,0,0,0,0,0,0,0,0,0,0,0,0,0,0,0,0,0,0,0,0,0
282,0.000282,0,0,0,0,0,0,0,0,0,0,0,0,0,0,0,0,0,0,0,0,0,0,0,0,0,0,0,0,0,0,0,0,0,0
283,0.000283,0,0,0,0,0,0,0,0,0,0,0,0,0,0,0,0,0,0,0,0,0,0,0,0,0,0,0,0,0,0,0,0,0,0
284,0.000284,0,0,0,0,0,0,0,0,0,0,0,0,0,0,0,0,0,0,0,0,0,0,0,0,0,0,0,0,0,0,0,0,0,0
285,0.000285,0,0,0,0,0,0,0,0,0,0,0,0,0,0,0,0,0,0,0,0,0,0,0,0,0,0,0,0,0,0,0,0,0,0
286,0.000286,0,0,0,0,0,0,0,0,0,0,0,0,0,0,0,0,0,0,0,0,0,0,0,0,0,0,0,0,0,0,0,0,0,0
287,0.000287,0,0,0,0,0,0,0,0,0,0,0,0,0,0,0,0,0,0,0,0,0,0,0,0,0,0,0,0,0,0,0,0,0,0
288,0.000288000000000001,0,0,0,0,0,0,0,0,0,0,0,0,0,0,0,0,0,0,0,0,0,0,0,0,0,0,0,0,0,0,0,0,0,0
289,0.000289000000000001,0,0,0,0,0,0,0,0,0,0,0,0,0,0,0,0,0,0,0,0,0,0,0,0,0,0,0,0,0,0,0,0,0,0
290,0.000290000000000001,0,0,0,0,0,0,0,0,0,0,0,0,0,0,0,0,0,0,0,0,0,0,0,0,0,0,0,0,0,0,0,0,0,0
291,0.000291000000000001,0,0,0,0,0,0,0,0,0,0,0,0,0,0,0,0,0,0,0,0,0,0,0,0,0,0,0,0,0,0,0,0,0,0
292,0.000292000000000001,0,0,0,0,0,0,0,0,0,0,0,0,0,0,0,0,0,0,0,0,0,0,0,0,0,0,0,0,0,0,0,0,0,0
293,0.000293000000000001,0,0,0,0,0,0,0,0,0,0,0,0,0,0,0,0,0,0,0,0,0,0,0,0,0,0,0,0,0,0,0,0,0,0
294,0.000294000000000001,0,0,0,0,0,0,0,0,0,0,0,0,0,0,0,0,0,0,0,0,0,0,0,0,0,0,0,0,0,0,0,0,0,0
295,0.000295000000000001,0,0,0,0,0,0,0,0,0,0,0,0,0,0,0,0,0,0,0,0,0,0,0,0,0,0,0,0,0,0,0,0,0,0
296,0.000296000000000001,0,0,0,0,0,0,0,0,0,0,0,0,0,0,0,0,0,0,0,0,0,0,0,0,0,0,0,0,0,0,0,0,0,0
297,0.000297000000000001,0,0,0,0,0,0,0,0,0,0,0,0,0,0,0,0,0,0,0,0,0,0,0,0,0,0,0,0,0,0,0,0,0,0
298,0.000298000000000001,0,0,0,0,0,0,0,0,0,0,0,0,0,0,0,0,0,0,0,0,0,0,0,0,0,0,0,0,0,0,0,0,0,0
299,0.000299000000000001,0,0,0,0,0,0,0,0,0,0,0,0,0,0,0,0,0,0,0,0,0,0,0,0,0,0,0,0,0,0,0,0,0,0
300,0.000300000000000001,0,0,0,0,0,0,0,0,0,0,0,0,0,0,0,0,0,0,0,0,0,0,0,0,0,0,0,0,0,0,0,0,0,0
301,0.000301000000000001,0,0,0,0,0,0,0,0,0,0,0,0,0,0,0,0,0,0,0,0,0,0,0,0,0,0,0,0,0,0,0,0,0,0
302,0.000302000000000001,0,0,0,0,0,0,0,0,0,0,0,0,0,0,0,0,0,0,0,0,0,0,0,0,0,0,0,0,0,0,0,0,0,0
303,0.000303000000000001,0,0,0,0,0,0,0,0,0,0,0,0,0,0,0,0,0,0,0,0,0,0,0,0,0,0,0,0,0,0,0,0,0,0
304,0.000304000000000001,0,0,0,0,0,0,0,0,0,0,0,0,0,0,0,0,0,0,0,0,0,0,0,0,0,0,0,0,0,0,0,0,0,0
305,0.000305000000000001,0,0,0,0,0,0,0,0,0,0,0,0,0,0,0,0,0,0,0,0,0,0,0,0,0,0,0,0,0,0,0,0,0,0
306,0.000306000000000001,0,0,0,0,0,0,0,0,0,0,0,0,0,0,0,0,0,0,0,0,0,0,0,0,0,0,0,0,0,0,0,0,0,0
307,0.000307000000000001,0,0,0,0,0,0,0,0,0,0,0,0,0,0,0,0,0,0,0,0,0,0,0,0,0,0,0,0,0,0,0,0,0,0
308,0.000308000000000001,0,0,0,0,0,0,0,0,0,0,0,0,0,0,0,0,0,0,0,0,0,0,0,0,0,0,0,0,0,0,0,0,0,0
309,0.000309000000000001,0,0,0,0,0,0,0,0,0,0,0,0,0,0,0,0,0,0,0,0,0,0,0,0,0,0,0,0,0,0,0,0,0,0
310,0.000310000000000001,0,0,0,0,0,0,0,0,0,0,0,0,0,0,0,0,0,0,0,0,0,0,0,0,0,0,0,0,0,0,0,0,0,0
311,0.000311000000000001,0,0,0,0,0,0,0,0,0,0,0,0,0,0,0,0,0,0,0,0,0,0,0,0,0,0,0,0,0,0,0,0,0,0
312,0.000312000000000001,0,0,0,0,0,0,0,0,0,0,0,0,0,0,0,0,0,0,0,0,0,0,0,0,0,0,0,0,0,0,0,0,0,0
313,0.000313000000000001,0,0,0,0,0,0,0,0,0,0,0,0,0,0,0,0,0,0,0,0,0,0,0,0,0,0,0,0,0,0,0,0,0,0
314,0.000314000000000001,0,0,0,0,0,0,0,0,0,0,0,0,0,0,0,0,0,0,0,0,0,0,0,0,0,0,0,0,0,0,0,0,0,0
315,0.000315000000000001,0,0,0,0,0,0,0,0,0,0,0,0,0,0,0,0,0,0,0,0,0,0,0,0,0,0,0,0,0,0,0,0,0,0
316,0.000316000000000001,0,0,0,0,0,0,0,0,0,0,0,0,0,0,0,0,0,0,0,0,0,0,0,0,0,0,0,0,0,0,0,0,0,0
317,0.000317000000000001,0,0,0,0,0,0,0,0,0,0,0,0,0,0,0,0,0,0,0,0,0,0,0,0,0,0,0,0,0,0,0,0,0,0
318,0.000318000000000001,0,0,0,0,0,0,0,0,0,0,0,0,0,0,0,0,0,0,0,0,0,0,0,0,0,0,0,0,0,0,0,0,0,0
319,0.000319000000000001,0,0,0,0,0,0,0,0,0,0,0,0,0,0,0,0,0,0,0,0,0,0,0,0,0,0,0,0,0,0,0,0,0,0
320,0.000320000000000001,0,0,0,0,0,0,0,0,0,0,0,0,0,0,0,0,0,0,0,0,0,0,0,0,0,0,0,0,0,0,0,0,0,0
321,0.000321000000000001,0,0,0,0,0,0,0,0,0,0,0,0,0,0,0,0,0,0,0,0,0,0,0,0,0,0,0,0,0,0,0,0,0,0
322,0.000322000000000001,0,0,0,0,0,0,0,0,0,0,0,0,0,0,0,0,0,0,0,0,0,0,0,0,0,0,0,0,0,0,0,0,0,0
323,0.000323000000000001,0,0,0,0,0,0,0,0,0,0,0,0,0,0,0,0,0,0,0,0,0,0,0,0,0,0,0,0,0,0,0,0,0,0
324,0.000324000000000001,0,0,0,0,0,0,0,0,0,0,0,0,0,0,0,0,0,0,0,0,0,0,0,0,0,0,0,0,0,0,0,0,0,0
325,0.000325000000000001,0,0,0,0,0,0,0,0,0,0,0,0,0,0,0,0,0,0,0,0,0,0,0,0,0,0,0,0,0,0,0,0,0,0
326,0.000326000000000001,0,0,0,0,0,0,0,0,0,0,0,0,0,0,0,0,0,0,0,0,0,0,0,0,0,0,0,0,0,0,0,0,0,0
327,0.000327000000000001,0,0,0,0,0,0,0,0,0,0,0,0,0,0,0,0,0,0,0,0,0,0,0,0,0,0,0,0,0,0,0,0,0,0
328,0.000328000000000001,0,0,0,0,0,0,0,0,0,0,0,0,0,0,0,0,0,0,0,0,0,0,0,0,0,0,0,0,0,0,0,0,0,0
329,0.000329000000000001,0,0,0,0,0,0,0,0,0,0,0,0,0,0,0,0,0,0,0,0,0,0,0,0,0,0,0,0,0,0,0,0,0,0
330,0.000330000000000002,0,0,0,0,0,0,0,0,0,0,0,0,0,0,0,0,0,0,0,0,0,0,0,0,0,0,0,0,0,0,0,0,0,0
331,0.000331000000000002,0,0,0,0,0,0,0,0,0,0,0,0,0,0,0,0,0,0,0,0,0,0,0,0,0,0,0,0,0,0,0,0,0,0
332,0.000332000000000002,0,0,0,0,0,0,0,0,0,0,0,0,0,0,0,0,0,0,0,0,0,0,0,0,0,0,0,0,0,0,0,0,0,0
333,0.000333000000000002,0,0,0,0,0,0,0,0,0,0,0,0,0,0,0,0,0,0,0,0,0,0,0,0,0,0,0,0,0,0,0,0,0,0
334,0.000334000000000002,0,0,0,0,0,0,0,0,0,0,0,0,0,0,0,0,0,0,0,0,0,0,0,0,0,0,0,0,0,0,0,0,0,0
335,0.000335000000000002,0,0,0,0,0,0,0,0,0,0,0,0,0,0,0,0,0,0,0,0,0,0,0,0,0,0,0,0,0,0,0,0,0,0
336,0.000336000000000002,0,0,0,0,0,0,0,0,0,0,0,0,0,0,0,0,0,0,0,0,0,0,0,0,0,0,0,0,0,0,0,0,0,0
337,0.000337000000000002,0,0,0,0,0,0,0,0,0,0,0,0,0,0,0,0,0,0,0,0,0,0,0,0,0,0,0,0,0,0,0,0,0,0
338,0.000338000000000002,0,0,0,0,0,0,0,0,0,0,0,0,0,0,0,0,0,0,0,0,0,0,0,0,0,0,0,0,0,0,0,0,0,0
339,0.000339000000000002,0,0,0,0,0,0,0,0,0,0,0,0,0,0,0,0,0,0,0,0,0,0,0,0,0,0,0,0,0,0,0,0,0,0
340,0.000340000000000002,0,0,0,0,0,0,0,0,0,0,0,0,0,0,0,0,0,0,0,0,0,0,0,0,0,0,0,0,0,0,0,0,0,0
341,0.000341000000000002,0,0,0,0,0,0,0,0,0,0,0,0,0,0,0,0,0,0,0,0,0,0,0,0,0,0,0,0,0,0,0,0,0,0
342,0.000342000000000002,0,0,0,0,0,0,0,0,0,0,0,0,0,0,0,0,0,0,0,0,0,0,0,0,0,0,0,0,0,0,0,0,0,0
343,0.000343000000000002,0,0,0,0,0,0,0,0,0,0,0,0,0,0,0,0,0,0,0,0,0,0,0,0,0,0,0,0,0,0,0,0,0,0
344,0.000344000000000002,0,0,0,0,0,0,0,0,0,0,0,0,0,0,0,0,0,0,0,0,0,0,0,0,0,0,0,0,0,0,0,0,0,0
345,0.000345000000000002,0,0,0,0,0,0,0,0,0,0,0,0,0,0,0,0,0,0,0,0,0,0,0,0,0,0,0,0,0,0,0,0,0,0
346,0.000346000000000002,0,0,0,0,0,0,0,0,0,0,0,0,0,0,0,0,0,0,0,0,0,0,0,0,0,0,0,0,0,0,0,0,0,0
347,0.000347000000000002,0,0,0,0,0,0,0,0,0,0,0,0,0,0,0,0,0,0,0,0,0,0,0,0,0,0,0,0,0,0,0,0,0,0
348,0.000348000000000002,0,0,0,0,0,0,0,0,0,0,0,0,0,0,0,0,0,0,0,0,0,0,0,0,0,0,0,0,0,0,0,0,0,0
349,0.000349000000000002,0,0,0,0,0,0,0,0,0,0,0,0,0,0,0,0,0,0,0,0,0,0,0,0,0,0,0,0,0,0,0,0,0,0
350,0.000350000000000002,0,0,0,0,0,0,0,0,0,0,0,0,0,0,0,0,0,0,0,0,0,0,0,0,0,0,0,0,0,0,0,0,0,0
351,0.000351000000000002,0,0,0,0,0,0,0,0,0,0,0,0,0,0,0,0,0,0,0,0,0,0,0,0,0,0,0,0,0,0,0,0,0,0
352,0.000352000000000002,0,0,0,0,0,0,0,0,0,0,0,0,0,0,0,0,0,0,0,0,0,0,0,0,0,0,0,0,0,0,0,0,0,0
353,0.000353000000000002,0,0,0,0,0,0,0,0,0,0,0,0,0,0,0,0,0,0,0,0,0,0,0,0,0,0,0,0,0,0,0,0,0,0
354,0.000354000000000002,0,0,0,0,0,0,0,0,0,0,0,0,0,0,0,0,0,0,0,0,0,0,0,0,0,0,0,0,0,0,0,0,0,0
355,0.000355000000000002,0,0,0,0,0,0,0,0,0,0,0,0,0,0,0,0,0,0,0,0,0,0,0,0,0,0,0,0,0,0,0,0,0,0
356,0.000356000000000002,0,0,0,0,0,0,0,0,0,0,0,0,0,0,0,0,0,0,0,0,0,0,0,0,0,0,0,0,0,0,0,0,0,0
357,0.000357000000000002,0,0,0,0,0,0,0,0,0,0,0,0,0,0,0,0,0,0,0,0,0,0,0,0,0,0,0,0,0,0,0,0,0,0
358,0.000358000000000002,0,0,0,0,0,0,0,0,0,0,0,0,0,0,0,0,0,0,0,0,0,0,0,0,0,0,0,0,0,0,0,0,0,0
359,0.000359000000000002,0,0,0,0,0,0,0,0,0,0,0,0,0,0,0,0,0,0,0,0,0,0,0,0,0,0,0,0,0,0,0,0,0,0
360,0.000360000000000002,0,0,0,0,0,0,0,0,0,0,0,0,0,0,0,0,0,0,0,0,0,0,0,0,0,0,0,0,0,0,0,0,0,0
361,0.000361000000000002,0,0,0,0,0,0,0,0,0,0,0,0,0,0,0,0,0,0,0,0,0,0,0,0,0,0,0,0,0,0,0,0,0,0
362,0.000362000000000002,0,0,0,0,0,0,0,0,0,0,0,0,0,0,0,0,0,0,0,0,0,0,0,0,0,0,0,0,0,0,0,0,0,0
363,0.000363000000000002,0,0,0,0,0,0,0,0,0,0,0,0,0,0,0,0,0,0,0,0,0,0,0,0,0,0,0,0,0,0,0,0,0,0
364,0.000364000000000002,0,0,0,0,0,0,0,0,0,0,0,0,0,0,0,0,0,0,0,0,0,0,0,0,0,0,0,0,0,0,0,0,0,0
365,0.000365000000000002,0,0,0,0,0,0,0,0,0,0,0,0,0,0,0,0,0,0,0,0,0,0,0,0,0,0,0,0,0,0,0,0,0,0
366,0.000366000000000002,0,0,0,0,0,0,0,0,0,0,0,0,0,0,0,0,0,0,0,0,0,0,0,0,0,0,0,0,0,0,0,0,0,0
367,0.000367000000000002,0,0,0,0,0,0,0,0,0,0,0,0,0,0,0,0,0,0,0,0,0,0,0,0,0,0,0,0,0,0,0,0,0,0
368,0.000368000000000002,0,0,0,0,0,0,0,0,0,0,0,0,0,0,0,0,0,0,0,0,0,0,0,0,0,0,0,0,0,0,0,0,0,0
369,0.000369000000000002,0,0,0,0,0,0,0,0,0,0,0,0,0,0,0,0,0,0,0,0,0,0,0,0,0,0,0,0,0,0,0,0,0,0
370,0.000370000000000002,0,0,0,0,0,0,0,0,0,0,0,0,0,0,0,0,0,0,0,0,0,0,0,0,0,0,0,0,0,0,0,0,0,0
371,0.000371000000000003,0,0,0,0,0,0,0,0,0,0,0,0,0,0,0,0,0,0,0,0,0,0,0,0,0,0,0,0,0,0,0,0,0,0
372,0.000372000000000003,0,0,0,0,0,0,0,0,0,0,0,0,0,0,0,0,0,0,0,0,0,0,0,0,0,0,0,0,0,0,0,0,0,0
373,0.000373000000000003,0,0,0,0,0,0,0,0,0,0,0,0,0,0,0,0,0,0,0,0,0,0,0,0,0,0,0,0,0,0,0,0,0,0
374,0.000374000000000003,0,0,0,0,0,0,0,0,0,0,0,0,0,0,0,0,0,0,0,0,0,0,0,0,0,0,0,0,0,0,0,0,0,0
375,0.000375000000000003,0,0,0,0,0,0,0,0,0,0,0,0,0,0,0,0,0,0,0,0,0,0,0,0,0,0,0,0,0,0,0,0,0,0
376,0.000376000000000003,0,0,0,0,0,0,0,0,0,0,0,0,0,0,0,0,0,0,0,0,0,0,0,0,0,0,0,0,0,0,0,0,0,0
377,0.000377000000000003,0,0,0,0,0,0,0,0,0,0,0,0,0,0,0,0,0,0,0,0,0,0,0,0,0,0,0,0,0,0,0,0,0,0
378,0.000378000000000003,0,0,0,0,0,0,0,0,0,0,0,0,0,0,0,0,0,0,0,0,0,0,0,0,0,0,0,0,0,0,0,0,0,0
379,0.000379000000000003,0,0,0,0,0,0,0,0,0,0,0,0,0,0,0,0,0,0,0,0,0,0,0,0,0,0,0,0,0,0,0,0,0,0
380,0.000380000000000003,0,0,0,0,0,0,0,0,0,0,0,0,0,0,0,0,0,0,0,0,0,0,0,0,0,0,0,0,0,0,0,0,0,0
381,0.000381000000000003,0,0,0,0,0,0,0,0,0,0,0,0,0,0,0,0,0,0,0,0,0,0,0,0,0,0,0,0,0,0,0,0,0,0
382,0.000382000000000003,0,0,0,0,0,0,0,0,0,0,0,0,0,0,0,0,0,0,0,0,0,0,0,0,0,0,0,0,0,0,0,0,0,0
383,0.000383000000000003,0,0,0,0,0,0,0,0,0,0,0,0,0,0,0,0,0,0,0,0,0,0,0,0,0,0,0,0,0,0,0,0,0,0
384,0.000384000000000003,0,0,0,0,0,0,0,0,0,0,0,0,0,0,0,0,0,0,0,0,0,0,0,0,0,0,0,0,0,0,0,0,0,0
385,0.000385000000000003,0,0,0,0,0,0,0,0,0,0,0,0,0,0,0,0,0,0,0,0,0,0,0,0,0,0,0,0,0,0,0,0,0,0
386,0.000386000000000003,0,0,0,0,0,0,0,0,0,0,0,0,0,0,0,0,0,0,0,0,0,0,0,0,0,0,0,0,0,0,0,0,0,0
387,0.000387000000000003,0,0,0,0,0,0,0,0,0,0,0,0,0,0,0,0,0,0,0,0,0,0,0,0,0,0,0,0,0,0,0,0,0,0
388,0.000388000000000003,0,0,0,0,0,0,0,0,0,0,0,0,0,0,0,0,0,0,0,0,0,0,0,0,0,0,0,0,0,0,0,0,0,0
389,0.000389000000000003,0,0,0,0,0,0,0,0,0,0,0,0,0,0,0,0,0,0,0,0,0,0,0,0,0,0,0,0,0,0,0,0,0,0
390,0.000390000000000003,0,0,0,0,0,0,0,0,0,0,0,0,0,0,0,0,0,0,0,0,0,0,0,0,0,0,0,0,0,0,0,0,0,0
391,0.000391000000000003,0,0,0,0,0,0,0,0,0,0,0,0,0,0,0,0,0,0,0,0,0,0,0,0,0,0,0,0,0,0,0,0,0,0
392,0.000392000000000003,0,0,0,0,0,0,0,0,0,0,0,0,0,0,0,0,0,0,0,0,0,0,0,0,0,0,0,0,0,0,0,0,0,0
393,0.000393000000000003,0,0,0,0,0,0,0,0,0,0,0,0,0,0,0,0,0,0,0,0,0,0,0,0,0,0,0,0,0,0,0,0,0,0
394,0.000394000000000003,0,0,0,0,0,0,0,0,0,0,0,0,0,0,0,0,0,0,0,0,0,0,0,0,0,0,0,0,0,0,0,0,0,0
395,0.000395000000000003,0,0,0,0,0,0,0,0,0,0,0,0,0,0,0,0,0,0,0,0,0,0,0,0,0,0,0,0,0,0,0,0,0,0
396,0.000396000000000003,0,0,0,0,0,0,0,0,0,0,0,0,0,0,0,0,0,0,0,0,0,0,0,0,0,0,0,0,0,0,0,0,0,0
397,0.000397000000000003,0,0,0,0,0,0,0,0,0,0,0,0,0,0,0,0,0,0,0,0,0,0,0,0,0,0,0,0,0,0,0,0,0,0
398,0.000398000000000003,0,0,0,0,0,0,0,0,0,0,0,0,0,0,0,0,0,0,0,0,0,0,0,0,0,0,0,0,0,0,0,0,0,0
399,0.000399000000000003,0,0,0,0,0,0,0,0,0,0,0,0,0,0,0,0,0,0,0,0,0,0,0,0,0,0,0,0,0,0,0,0,0,0
400,0.000400000000000003,0,0,0,0,0,0,0,0,0,0,0,0,0,0,0,0,0,0,0,0,0,0,0,0,0,0,0,0,0,0,0,0,0,0
401,0.000401000000000003,0,0,0,0,0,0,0,0,0,0,0,0,0,0,0,0,0,0,0,0,0,0,0,0,0,0,0,0,0,0,0,0,0,0
402,0.000402000000000003,0,0,0,0,0,0,0,0,0,0,0,0,0,0,0,0,0,0,0,0,0,0,0,0,0,0,0,0,0,0,0,0,0,0
403,0.000403000000000003,0,0,0,0,0,0,0,0,0,0,0,0,0,0,0,0,0,0,0,0,0,0,0,0,0,0,0,0,0,0,0,0,0,0
404,0.000404000000000003,0,0,0,0,0,0,0,0,0,0,0,0,0,0,0,0,0,0,0,0,0,0,0,0,0,0,0,0,0,0,0,0,0,0
405,0.000405000000000003,0,0,0,0,0,0,0,0,0,0,0,0,0,0,0,0,0,0,0,0,0,0,0,0,0,0,0,0,0,0,0,0,0,0
406,0.000406000000000003,0,0,0,0,0,0,0,0,0,0,0,0,0,0,0,0,0,0,0,0,0,0,0,0,0,0,0,0,0,0,0,0,0,0
407,0.000407000000000003,0,0,0,0,0,0,0,0,0,0,0,0,0,0,0,0,0,0,0,0,0,0,0,0,0,0,0,0,0,0,0,0,0,0
408,0.000408000000000003,0,0,0,0,0,0,0,0,0,0,0,0,0,0,0,0,0,0,0,0,0,0,0,0,0,0,0,0,0,0,0,0,0,0
409,0.000409000000000003,0,0,0,0,0,0,0,0,0,0,0,0,0,0,0,0,0,0,0,0,0,0,0,0,0,0,0,0,0,0,0,0,0,0
410,0.000410000000000003,0,0,0,0,0,0,0,0,0,0,0,0,0,0,0,0,0,0,0,0,0,0,0,0,0,0,0,0,0,0,0,0,0,0
411,0.000411000000000003,0,0,0,0,0,0,0,0,0,0,0,0,0,0,0,0,0,0,0,0,0,0,0,0,0,0,0,0,0,0,0,0,0,0
412,0.000412000000000004,0,0,0,0,0,0,0,0,0,0,0,0,0,0,0,0,0,0,0,0,0,0,0,0,0,0,0,0,0,0,0,0,0,0
413,0.000413000000000004,0,0,0,0,0,0,0,0,0,0,0,0,0,0,0,0,0,0,0,0,0,0,0,0,0,0,0,0,0,0,0,0,0,0
414,0.000414000000000004,0,0,0,0,0,0,0,0,0,0,0,0,0,0,0,0,0,0,0,0,0,0,0,0,0,0,0,0,0,0,0,0,0,0
415,0.000415000000000004,0,0,0,0,0,0,0,0,0,0,0,0,0,0,0,0,0,0,0,0,0,0,0,0,0,0,0,0,0,0,0,0,0,0
416,0.000416000000000004,0,0,0,0,0,0,0,0,0,0,0,0,0,0,0,0,0,0,0,0,0,0,0,0,0,0,0,0,0,0,0,0,0,0
417,0.000417000000000004,0,0,0,0,0,0,0,0,0,0,0,0,0,0,0,0,0,0,0,0,0,0,0,0,0,0,0,0,0,0,0,0,0,0
418,0.000418000000000004,0,0,0,0,0,0,0,0,0,0,0,0,0,0,0,0,0,0,0,0,0,0,0,0,0,0,0,0,0,0,0,0,0,0
419,0.000419000000000004,0,0,0,0,0,0,0,0,0,0,0,0,0,0,0,0,0,0,0,0,0,0,0,0,0,0,0,0,0,0,0,0,0,0
420,0.000420000000000004,0,0,0,0,0,0,0,0,0,0,0,0,0,0,0,0,0,0,0,0,0,0,0,0,0,0,0,0,0,0,0,0,0,0
421,0.000421000000000004,0,0,0,0,0,0,0,0,0,0,0,0,0,0,0,0,0,0,0,0,0,0,0,0,0,0,0,0,0,0,0,0,0,0
422,0.000422000000000004,0,0,0,0,0,0,0,0,0,0,0,0,0,0,0,0,0,0,0,0,0,0,0,0,0,0,0,0,0,0,0,0,0,0
423,0.000423000000000004,0,0,0,0,0,0,0,0,0,0,0,0,0,0,0,0,0,0,0,0,0,0,0,0,0,0,0,0,0,0,0,0,0,0
424,0.000424000000000004,0,0,0,0,0,0,0,0,0,0,0,0,0,0,0,0,0,0,0,0,0,0,0,0,0,0,0,0,0,0,0,0,0,0
425,0.000425000000000004,0,0,0,0,0,0,0,0,0,0,0,0,0,0,0,0,0,0,0,0,0,0,0,0,0,0,0,0,0,0,0,0,0,0
426,0.000426000000000004,0,0,0,0,0,0,0,0,0,0,0,0,0,0,0,0,0,0,0,0,0,0,0,0,0,0,0,0,0,0,0,0,0,0
427,0.000427000000000004,0,0,0,0,0,0,0,0,0,0,0,0,0,0,0,0,0,0,0,0,0,0,0,0,0,0,0,0,0,0,0,0,0,0
428,0.000428000000000004,0,0,0,0,0,0,0,0,0,0,0,0,0,0,0,0,0,0,0,0,0,0,0,0,0,0,0,0,0,0,0,0,0,0
429,0.000429000000000004,0,0,0,0,0,0,0,0,0,0,0,0,0,0,0,0,0,0,0,0,0,0,0,0,0,0,0,0,0,0,0,0,0,0
430,0.000430000000000004,0,0,0,0,0,0,0,0,0,0,0,0,0,0,0,0,0,0,0,0,0,0,0,0,0,0,0,0,0,0,0,0,0,0
431,0.000431000000000004,0,0,0,0,0,0,0,0,0,0,0,0,0,0,0,0,0,0,0,0,0,0,0,0,0,0,0,0,0,0,0,0,0,0
432,0.000432000000000004,0,0,0,0,0,0,0,0,0,0,0,0,0,0,0,0,0,0,0,0,0,0,0,0,0,0,0,0,0,0,0,0,0,0
433,0.000433000000000004,0,0,0,0,0,0,0,0,0,0,0,0,0,0,0,0,0,0,0,0,0,0,0,0,0,0,0,0,0,0,0,0,0,0
434,0.000434000000000004,0,0,0,0,0,0,0,0,0,0,0,0,0,0,0,0,0,0,0,0,0,0,0,0,0,0,0,0,0,0,0,0,0,0
435,0.000435000000000004,0,0,0,0,0,0,0,0,0,0,0,0,0,0,0,0,0,0,0,0,0,0,0,0,0,0,0,0,0,0,0,0,0,0
436,0.000436000000000004,0,0,0,0,0,0,0,0,0,0,0,0,0,0,0,0,0,0,0,0,0,0,0,0,0,0,0,0,0,0,0,0,0,0
437,0.000437000000000004,0,0,0,0,0,0,0,0,0,0,0,0,0,0,0,0,0,0,0,0,0,0,0,0,0,0,0,0,0,0,0,0,0,0
438,0.000438000000000004,0,0,0,0,0,0,0,0,0,0,0,0,0,0,0,0,0,0,0,0,0,0,0,0,0,0,0,0,0,0,0,0,0,0
439,0.000439000000000004,0,0,0,0,0,0,0,0,0,0,0,0,0,0,0,0,0,0,0,0,0,0,0,0,0,0,0,0,0,0,0,0,0,0
440,0.000440000000000004,0,0,0,0,0,0,0,0,0,0,0,0,0,0,0,0,0,0,0,0,0,0,0,0,0,0,0,0,0,0,0,0,0,0
441,0.000441000000000004,0,0,0,0,0,0,0,0,0,0,0,0,0,0,0,0,0,0,0,0,0,0,0,0,0,0,0,0,0,0,0,0,0,0
442,0.000442000000000004,0,0,0,0,0,0,0,0,0,0,0,0,0,0,0,0,0,0,0,0,0,0,0,0,0,0,0,0,0,0,0,0,0,0
443,0.000443000000000004,0,0,0,0,0,0,0,0,0,0,0,0,0,0,0,0,0,0,0,0,0,0,0,0,0,0,0,0,0,0,0,0,0,0
444,0.000444000000000004,0,0,0,0,0,0,0,0,0,0,0,0,0,0,0,0,0,0,0,0,0,0,0,0,0,0,0,0,0,0,0,0,0,0
445,0.000445000000000004,0,0,0,0,0,0,0,0,0,0,0,0,0,0,0,0,0,0,0,0,0,0,0,0,0,0,0,0,0,0,0,0,0,0
446,0.000446000000000004,0,0,0,0,0,0,0,0,0,0,0,0,0,0,0,0,0,0,0,0,0,0,0,0,0,0,0,0,0,0,0,0,0,0
447,0.000447000000000004,0,0,0,0,0,0,0,0,0,0,0,0,0,0,0,0,0,0,0,0,0,0,0,0,0,0,0,0,0,0,0,0,0,0
448,0.000448000000000004,0,0,0,0,0,0,0,0,0,0,0,0,0,0,0,0,0,0,0,0,0,0,0,0,0,0,0,0,0,0,0,0,0,0
449,0.000449000000000004,0,0,0,0,0,0,0,0,0,0,0,0,0,0,0,0,0,0,0,0,0,0,0,0,0,0,0,0,0,0,0,0,0,0
450,0.000450000000000004,0,0,0,0,0,0,0,0,0,0,0,0,0,0,0,0,0,0,0,0,0,0,0,0,0,0,0,0,0,0,0,0,0,0
451,0.000451000000000004,0,0,0,0,0,0,0,0,0,0,0,0,0,0,0,0,0,0,0,0,0,0,0,0,0,0,0,0,0,0,0,0,0,0
452,0.000452000000000004,0,0,0,0,0,0,0,0,0,0,0,0,0,0,0,0,0,0,0,0,0,0,0,0,0,0,0,0,0,0,0,0,0,0
453,0.000453000000000005,0,0,0,0,0,0,0,0,0,0,0,0,0,0,0,0,0,0,0,0,0,0,0,0,0,0,0,0,0,0,0,0,0,0
454,0.000454000000000005,0,0,0,0,0,0,0,0,0,0,0,0,0,0,0,0,0,0,0,0,0,0,0,0,0,0,0,0,0,0,0,0,0,0
455,0.000455000000000005,0,0,0,0,0,0,0,0,0,0,0,0,0,0,0,0,0,0,0,0,0,0,0,0,0,0,0,0,0,0,0,0,0,0
456,0.000456000000000005,0,0,0,0,0,0,0,0,0,0,0,0,0,0,0,0,0,0,0,0,0,0,0,0,0,0,0,0,0,0,0,0,0,0
457,0.000457000000000005,0,0,0,0,0,0,0,0,0,0,0,0,0,0,0,0,0,0,0,0,0,0,0,0,0,0,0,0,0,0,0,0,0,0
458,0.000458000000000005,0,0,0,0,0,0,0,0,0,0,0,0,0,0,0,0,0,0,0,0,0,0,0,0,0,0,0,0,0,0,0,0,0,0
459,0.000459000000000005,0,0,0,0,0,0,0,0,0,0,0,0,0,0,0,0,0,0,0,0,0,0,0,0,0,0,0,0,0,0,0,0,0,0
460,0.000460000000000005,0,0,0,0,0,0,0,0,0,0,0,0,0,0,0,0,0,0,0,0,0,0,0,0,0,0,0,0,0,0,0,0,0,0
461,0.000461000000000005,0,0,0,0,0,0,0,0,0,0,0,0,0,0,0,0,0,0,0,0,0,0,0,0,0,0,0,0,0,0,0,0,0,0
462,0.000462000000000005,0,0,0,0,0,0,0,0,0,0,0,0,0,0,0,0,0,0,0,0,0,0,0,0,0,0,0,0,0,0,0,0,0,0
463,0.000463000000000005,0,0,0,0,0,0,0,0,0,0,0,0,0,0,0,0,0,0,0,0,0,0,0,0,0,0,0,0,0,0,0,0,0,0
464,0.000464000000000005,0,0,0,0,0,0,0,0,0,0,0,0,0,0,0,0,0,0,0,0,0,0,0,0,0,0,0,0,0,0,0,0,0,0
465,0.000465000000000005,0,0,0,0,0,0,0,0,0,0,0,0,0,0,0,0,0,0,0,0,0,0,0,0,0,0,0,0,0,0,0,0,0,0
466,0.000466000000000005,0,0,0,0,0,0,0,0,0,0,0,0,0,0,0,0,0,0,0,0,0,0,0,0,0,0,0,0,0,0,0,0,0,0
467,0.000467000000000005,0,0,0,0,0,0,0,0,0,0,0,0,0,0,0,0,0,0,0,0,0,0,0,0,0,0,0,0,0,0,0,0,0,0
468,0.000468000000000005,0,0,0,0,0,0,0,0,0,0,0,0,0,0,0,0,0,0,0,0,0,0,0,0,0,0,0,0,0,0,0,0,0,0
469,0.000469000000000005,0,0,0,0,0,0,0,0,0,0,0,0,0,0,0,0,0,0,0,0,0,0,0,0,0,0,0,0,0,0,0,0,0,0
470,0.000470000000000005,0,0,0,0,0,0,0,0,0,0,0,0,0,0,0,0,0,0,0,0,0,0,0,0,0,0,0,0,0,0,0,0,0,0
471,0.000471000000000005,0,0,0,0,0,0,0,0,0,0,0,0,0,0,0,0,0,0,0,0,0,0,0,0,0,0,0,0,0,0,0,0,0,0
472,0.000472000000000005,0,0,0,0,0,0,0,0,0,0,0,0,0,0,0,0,0,0,0,0,0,0,0,0,0,0,0,0,0,0,0,0,0,0
473,0.000473000000000005,0,0,0,0,0,0,0,0,0,0,0,0,0,0,0,0,0,0,0,0,0,0,0,0,0,0,0,0,0,0,0,0,0,0
474,0.000474000000000005,0,0,0,0,0,0,0,0,0,0,0,0,0,0,0,0,0,0,0,0,0,0,0,0,0,0,0,0,0,0,0,0,0,0
475,0.000475000000000005,0,0,0,0,0,0,0,0,0,0,0,0,0,0,0,0,0,0,0,0,0,0,0,0,0,0,0,0,0,0,0,0,0,0
476,0.000476000000000005,0,0,0,0,0,0,0,0,0,0,0,0,0,0,0,0,0,0,0,0,0,0,0,0,0,0,0,0,0,0,0,0,0,0
477,0.000477000000000005,0,0,0,0,0,0,0,0,0,0,0,0,0,0,0,0,0,0,0,0,0,0,0,0,0,0,0,0,0,0,0,0,0,0
478,0.000478000000000005,0,0,0,0,0,0,0,0,0,0,0,0,0,0,0,0,0,0,0,0,0,0,0,0,0,0,0,0,0,0,0,0,0,0
479,0.000479000000000005,0,0,0,0,0,0,0,0,0,0,0,0,0,0,0,0,0,0,0,0,0,0,0,0,0,0,0,0,0,0,0,0,0,0
480,0.000480000000000005,0,0,0,0,0,0,0,0,0,0,0,0,0,0,0,0,0,0,0,0,0,0,0,0,0,0,0,0,0,0,0,0,0,0
481,0.000481000000000005,0,0,0,0,0,0,0,0,0,0,0,0,0,0,0,0,0,0,0,0,0,0,0,0,0,0,0,0,0,0,0,0,0,0
482,0.000482000000000005,0,0,0,0,0,0,0,0,0,0,0,0,0,0,0,0,0,0,0,0,0,0,0,0,0,0,0,0,0,0,0,0,0,0
483,0.000483000000000005,0,0,0,0,0,0,0,0,0,0,0,0,0,0,0,0,0,0,0,0,0,0,0,0,0,0,0,0,0,0,0,0,0,0
484,0.000484000000000005,0,0,0,0,0,0,0,0,0,0,0,0,0,0,0,0,0,0,0,0,0,0,0,0,0,0,0,0,0,0,0,0,0,0
485,0.000485000000000005,0,0,0,0,0,0,0,0,0,0,0,0,0,0,0,0,0,0,0,0,0,0,0,0,0,0,0,0,0,0,0,0,0,0
486,0.000486000000000005,0,0,0,0,0,0,0,0,0,0,0,0,0,0,0,0,0,0,0,0,0,0,0,0,0,0,0,0,0,0,0,0,0,0
487,0.000487000000000005,0,0,0,0,0,0,0,0,0,0,0,0,0,0,0,0,0,0,0,0,0,0,0,0,0,0,0,0,0,0,0,0,0,0
488,0.000488000000000005,0,0,0,0,0,0,0,0,0,0,0,0,0,0,0,0,0,0,0,0,0,0,0,0,0,0,0,0,0,0,0,0,0,0
489,0.000489000000000005,0,0,0,0,0,0,0,0,0,0,0,0,0,0,0,0,0,0,0,0,0,0,0,0,0,0,0,0,0,0,0,0,0,0
490,0.000490000000000005,0,0,0,0,0,0,0,0,0,0,0,0,0,0,0,0,0,0,0,0,0,0,0,0,0,0,0,0,0,0,0,0,0,0
491,0.000491000000000005,0,0,0,0,0,0,0,0,0,0,0,0,0,0,0,0,0,0,0,0,0,0,0,0,0,0,0,0,0,0,0,0,0,0
492,0.000492000000000005,0,0,0,0,0,0,0,0,0,0,0,0,0,0,0,0,0,0,0,0,0,0,0,0,0,0,0,0,0,0,0,0,0,0
493,0.000493000000000005,0,0,0,0,0,0,0,0,0,0,0,0,0,0,0,0,0,0,0,0,0,0,0,0,0,0,0,0,0,0,0,0,0,0
494,0.000494000000000006,0,0,0,0,0,0,0,0,0,0,0,0,0,0,0,0,0,0,0,0,0,0,0,0,0,0,0,0,0,0,0,0,0,0
495,0.000495000000000006,0,0,0,0,0,0,0,0,0,0,0,0,0,0,0,0,0,0,0,0,0,0,0,0,0,0,0,0,0,0,0,0,0,0
496,0.000496000000000006,0,0,0,0,0,0,0,0,0,0,0,0,0,0,0,0,0,0,0,0,0,0,0,0,0,0,0,0,0,0,0,0,0,0
497,0.000497000000000006,0,0,0,0,0,0,0,0,0,0,0,0,0,0,0,0,0,0,0,0,0,0,0,0,0,0,0,0,0,0,0,0,0,0
498,0.000498000000000006,0,0,0,0,0,0,0,0,0,0,0,0,0,0,0,0,0,0,0,0,0,0,0,0,0,0,0,0,0,0,0,0,0,0
499,0.000499000000000006,0,0,0,0,0,0,0,0,0,0,0,0,0,0,0,0,0,0,0,0,0,0,0,0,0,0,0,0,0,0,0,0,0,0
500,0.000500000000000006,0,0,0,0,0,0,0,0,0,0,0,0,0,0,0,0,0,0,0,0,0,0,0,0,0,0,0,0,0,0,0,0,0,0